id,Cluster
id_man_1,0
id_man_10,0
id_man_100,0
id_man_1000,0
id_man_1001,0
id_man_1002,0
id_man_1003,0
id_man_1004,0
id_man_1005,0
id_man_1006,0
id_man_1007,0
id_man_1008,1
id_man_1009,0
id_man_101,0
id_man_1010,1
id_man_1011,1
id_man_1012,0
id_man_1013,0
id_man_1014,2
id_man_1015,0
id_man_1016,1
id_man_1017,1
id_man_1018,0
id_man_1019,0
id_man_102,2
id_man_1020,0
id_man_1021,0
id_man_1022,0
id_man_1023,0
id_man_1024,0
id_man_1025,0
id_man_1026,0
id_man_1027,0
id_man_1028,0
id_man_1029,0
id_man_103,0
id_man_1030,0
id_man_1031,0
id_man_1032,0
id_man_1033,0
id_man_1034,0
id_man_1035,0
id_man_1036,0
id_man_1037,1
id_man_1038,0
id_man_1039,0
id_man_104,0
id_man_1040,0
id_man_1041,0
id_man_1042,0
id_man_1043,0
id_man_1044,0
id_man_1045,2
id_man_1046,0
id_man_1047,0
id_man_1048,0
id_man_1049,0
id_man_105,0
id_man_1050,0
id_man_1051,0
id_man_1052,0
id_man_1053,0
id_man_1054,0
id_man_1055,0
id_man_1056,0
id_man_1057,0
id_man_1058,0
id_man_1059,0
id_man_106,0
id_man_1060,0
id_man_1061,1
id_man_1062,0
id_man_1063,0
id_man_1064,0
id_man_1065,0
id_man_1066,0
id_man_1067,1
id_man_1068,0
id_man_1069,0
id_man_107,0
id_man_1070,0
id_man_1071,2
id_man_1072,0
id_man_1073,0
id_man_1074,0
id_man_1075,0
id_man_1076,0
id_man_1077,0
id_man_1078,0
id_man_1079,0
id_man_108,0
id_man_1080,0
id_man_1081,0
id_man_1082,0
id_man_1083,0
id_man_1084,0
id_man_1085,0
id_man_1086,2
id_man_1087,0
id_man_1088,0
id_man_1089,0
id_man_109,0
id_man_1090,2
id_man_1091,1
id_man_1092,1
id_man_1093,0
id_man_1094,2
id_man_1095,0
id_man_1096,0
id_man_1097,0
id_man_1098,0
id_man_1099,0
id_man_11,0
id_man_110,2
id_man_1100,0
id_man_1101,0
id_man_1102,1
id_man_1103,0
id_man_1104,0
id_man_1105,0
id_man_1106,0
id_man_1107,0
id_man_1108,1
id_man_1109,1
id_man_111,0
id_man_1110,0
id_man_1111,0
id_man_1112,2
id_man_1113,2
id_man_1114,0
id_man_1115,0
id_man_1116,0
id_man_1117,0
id_man_1118,0
id_man_1119,1
id_man_112,0
id_man_1120,0
id_man_1121,0
id_man_1122,0
id_man_1123,0
id_man_1124,0
id_man_1125,1
id_man_1126,0
id_man_1127,0
id_man_1128,0
id_man_1129,0
id_man_113,0
id_man_1130,0
id_man_1131,0
id_man_1132,0
id_man_1133,0
id_man_1134,0
id_man_1135,1
id_man_1136,0
id_man_1137,1
id_man_1138,0
id_man_1139,0
id_man_114,0
id_man_1140,2
id_man_1141,0
id_man_1142,0
id_man_1143,0
id_man_1144,0
id_man_1145,0
id_man_1146,1
id_man_1147,0
id_man_1148,2
id_man_1149,0
id_man_115,0
id_man_1150,0
id_man_1151,0
id_man_1152,0
id_man_1153,1
id_man_1154,0
id_man_1155,0
id_man_1156,1
id_man_1157,2
id_man_1158,0
id_man_1159,0
id_man_116,0
id_man_1160,0
id_man_1161,0
id_man_1162,1
id_man_1163,0
id_man_1164,0
id_man_1165,0
id_man_1166,0
id_man_1167,0
id_man_1168,0
id_man_1169,0
id_man_117,0
id_man_1170,0
id_man_1171,0
id_man_1172,0
id_man_1173,0
id_man_1174,0
id_man_1175,0
id_man_1176,0
id_man_1177,0
id_man_1178,0
id_man_1179,0
id_man_118,0
id_man_1180,0
id_man_1181,0
id_man_1182,0
id_man_1183,2
id_man_1184,0
id_man_1185,0
id_man_1186,0
id_man_1187,0
id_man_1188,0
id_man_1189,0
id_man_119,1
id_man_1190,0
id_man_1191,0
id_man_1192,0
id_man_1193,0
id_man_1194,0
id_man_1195,0
id_man_1196,0
id_man_1197,1
id_man_1198,0
id_man_1199,1
id_man_12,0
id_man_120,0
id_man_1200,0
id_man_1201,0
id_man_1202,0
id_man_1203,0
id_man_1204,0
id_man_1205,0
id_man_1206,0
id_man_1207,1
id_man_1208,0
id_man_1209,1
id_man_121,0
id_man_1210,1
id_man_1211,0
id_man_1212,0
id_man_1213,0
id_man_1214,0
id_man_1215,0
id_man_1216,0
id_man_1217,0
id_man_1218,1
id_man_1219,0
id_man_122,0
id_man_1220,0
id_man_1221,0
id_man_1222,0
id_man_1223,0
id_man_1224,0
id_man_1225,0
id_man_1226,0
id_man_1227,0
id_man_1228,0
id_man_1229,0
id_man_123,0
id_man_1230,0
id_man_1231,0
id_man_1232,0
id_man_1233,0
id_man_1234,0
id_man_1235,0
id_man_1236,0
id_man_1237,0
id_man_1238,0
id_man_1239,0
id_man_124,0
id_man_1240,0
id_man_1241,0
id_man_1242,0
id_man_1243,0
id_man_1244,0
id_man_1245,0
id_man_1246,0
id_man_1247,0
id_man_1248,0
id_man_1249,0
id_man_125,0
id_man_1250,0
id_man_126,0
id_man_127,0
id_man_128,0
id_man_129,0
id_man_13,1
id_man_130,0
id_man_131,0
id_man_132,0
id_man_133,0
id_man_134,0
id_man_135,0
id_man_136,0
id_man_137,1
id_man_138,0
id_man_139,0
id_man_14,0
id_man_140,0
id_man_141,0
id_man_142,0
id_man_143,0
id_man_144,0
id_man_145,0
id_man_146,0
id_man_147,0
id_man_148,2
id_man_149,0
id_man_15,0
id_man_150,0
id_man_151,0
id_man_152,0
id_man_153,1
id_man_154,0
id_man_155,0
id_man_156,0
id_man_157,0
id_man_158,2
id_man_159,0
id_man_16,0
id_man_160,0
id_man_161,0
id_man_162,0
id_man_163,0
id_man_164,0
id_man_165,0
id_man_166,0
id_man_167,0
id_man_168,0
id_man_169,2
id_man_17,0
id_man_170,2
id_man_171,0
id_man_172,0
id_man_173,0
id_man_174,1
id_man_175,0
id_man_176,2
id_man_177,0
id_man_178,0
id_man_179,0
id_man_18,1
id_man_180,0
id_man_181,0
id_man_182,0
id_man_183,0
id_man_184,0
id_man_185,0
id_man_186,0
id_man_187,0
id_man_188,0
id_man_189,0
id_man_19,0
id_man_190,0
id_man_191,0
id_man_192,0
id_man_193,0
id_man_194,0
id_man_195,0
id_man_196,0
id_man_197,2
id_man_198,0
id_man_199,0
id_man_2,0
id_man_20,0
id_man_200,0
id_man_201,0
id_man_202,0
id_man_203,0
id_man_204,0
id_man_205,2
id_man_206,0
id_man_207,0
id_man_208,0
id_man_209,0
id_man_21,0
id_man_210,0
id_man_211,0
id_man_212,0
id_man_213,0
id_man_214,2
id_man_215,0
id_man_216,2
id_man_217,0
id_man_218,0
id_man_219,0
id_man_22,1
id_man_220,0
id_man_221,0
id_man_222,0
id_man_223,0
id_man_224,1
id_man_225,0
id_man_226,0
id_man_227,0
id_man_228,0
id_man_229,2
id_man_23,0
id_man_230,0
id_man_231,0
id_man_232,0
id_man_233,0
id_man_234,1
id_man_235,0
id_man_236,0
id_man_237,0
id_man_238,0
id_man_239,2
id_man_24,0
id_man_240,0
id_man_241,0
id_man_242,0
id_man_243,0
id_man_244,0
id_man_245,0
id_man_246,0
id_man_247,0
id_man_248,0
id_man_249,2
id_man_25,0
id_man_250,0
id_man_251,0
id_man_252,0
id_man_253,1
id_man_254,0
id_man_255,2
id_man_256,0
id_man_257,0
id_man_258,2
id_man_259,1
id_man_26,0
id_man_260,0
id_man_261,0
id_man_262,0
id_man_263,0
id_man_264,0
id_man_265,0
id_man_266,0
id_man_267,2
id_man_268,0
id_man_269,0
id_man_27,0
id_man_270,0
id_man_271,0
id_man_272,0
id_man_273,0
id_man_274,2
id_man_275,0
id_man_276,0
id_man_277,0
id_man_278,0
id_man_279,0
id_man_28,0
id_man_280,1
id_man_281,0
id_man_282,1
id_man_283,0
id_man_284,0
id_man_285,0
id_man_286,0
id_man_287,0
id_man_288,0
id_man_289,0
id_man_29,0
id_man_290,0
id_man_291,0
id_man_292,0
id_man_293,0
id_man_294,0
id_man_295,0
id_man_296,0
id_man_297,1
id_man_298,0
id_man_299,0
id_man_3,2
id_man_30,0
id_man_300,0
id_man_301,1
id_man_302,0
id_man_303,0
id_man_304,0
id_man_305,0
id_man_306,0
id_man_307,0
id_man_308,0
id_man_309,1
id_man_31,0
id_man_310,0
id_man_311,2
id_man_312,0
id_man_313,0
id_man_314,0
id_man_315,0
id_man_316,0
id_man_317,0
id_man_318,0
id_man_319,0
id_man_32,0
id_man_320,0
id_man_321,0
id_man_322,0
id_man_323,0
id_man_324,0
id_man_325,0
id_man_326,0
id_man_327,0
id_man_328,0
id_man_329,0
id_man_33,0
id_man_330,1
id_man_331,0
id_man_332,0
id_man_333,0
id_man_334,1
id_man_335,0
id_man_336,0
id_man_337,2
id_man_338,0
id_man_339,0
id_man_34,0
id_man_340,0
id_man_341,0
id_man_342,0
id_man_343,0
id_man_344,0
id_man_345,0
id_man_346,0
id_man_347,1
id_man_348,0
id_man_349,0
id_man_35,0
id_man_350,0
id_man_351,0
id_man_352,0
id_man_353,0
id_man_354,1
id_man_355,0
id_man_356,0
id_man_357,2
id_man_358,0
id_man_359,0
id_man_36,0
id_man_360,0
id_man_361,0
id_man_362,0
id_man_363,0
id_man_364,0
id_man_365,0
id_man_366,0
id_man_367,0
id_man_368,0
id_man_369,0
id_man_37,1
id_man_370,0
id_man_371,0
id_man_372,0
id_man_373,0
id_man_374,0
id_man_375,0
id_man_376,1
id_man_377,0
id_man_378,0
id_man_379,0
id_man_38,0
id_man_380,0
id_man_381,0
id_man_382,0
id_man_383,0
id_man_384,0
id_man_385,0
id_man_386,0
id_man_387,0
id_man_388,0
id_man_389,0
id_man_39,1
id_man_390,0
id_man_391,1
id_man_392,0
id_man_393,2
id_man_394,0
id_man_395,0
id_man_396,0
id_man_397,2
id_man_398,0
id_man_399,0
id_man_4,0
id_man_40,0
id_man_400,0
id_man_401,0
id_man_402,0
id_man_403,0
id_man_404,0
id_man_405,0
id_man_406,0
id_man_407,0
id_man_408,0
id_man_409,0
id_man_41,0
id_man_410,1
id_man_411,0
id_man_412,0
id_man_413,0
id_man_414,0
id_man_415,0
id_man_416,0
id_man_417,0
id_man_418,0
id_man_419,1
id_man_42,0
id_man_420,0
id_man_421,0
id_man_422,0
id_man_423,0
id_man_424,0
id_man_425,0
id_man_426,0
id_man_427,0
id_man_428,0
id_man_429,2
id_man_43,0
id_man_430,0
id_man_431,0
id_man_432,0
id_man_433,0
id_man_434,0
id_man_435,0
id_man_436,0
id_man_437,0
id_man_438,0
id_man_439,0
id_man_44,0
id_man_440,0
id_man_441,0
id_man_442,0
id_man_443,0
id_man_444,0
id_man_445,2
id_man_446,0
id_man_447,1
id_man_448,0
id_man_449,0
id_man_45,2
id_man_450,0
id_man_451,0
id_man_452,0
id_man_453,0
id_man_454,0
id_man_455,0
id_man_456,0
id_man_457,1
id_man_458,0
id_man_459,0
id_man_46,0
id_man_460,1
id_man_461,0
id_man_462,0
id_man_463,0
id_man_464,0
id_man_465,1
id_man_466,0
id_man_467,1
id_man_468,0
id_man_469,0
id_man_47,0
id_man_470,0
id_man_471,0
id_man_472,0
id_man_473,0
id_man_474,1
id_man_475,0
id_man_476,0
id_man_477,0
id_man_478,0
id_man_479,0
id_man_48,0
id_man_480,0
id_man_481,0
id_man_482,0
id_man_483,0
id_man_484,0
id_man_485,0
id_man_486,0
id_man_487,0
id_man_488,2
id_man_489,0
id_man_49,0
id_man_490,0
id_man_491,0
id_man_492,0
id_man_493,0
id_man_494,0
id_man_495,0
id_man_496,0
id_man_497,0
id_man_498,0
id_man_499,0
id_man_5,0
id_man_50,0
id_man_500,0
id_man_501,0
id_man_502,2
id_man_503,1
id_man_504,0
id_man_505,0
id_man_506,0
id_man_507,0
id_man_508,1
id_man_509,0
id_man_51,0
id_man_510,1
id_man_511,0
id_man_512,0
id_man_513,0
id_man_514,0
id_man_515,2
id_man_516,0
id_man_517,0
id_man_518,0
id_man_519,0
id_man_52,0
id_man_520,0
id_man_521,0
id_man_522,0
id_man_523,1
id_man_524,0
id_man_525,1
id_man_526,0
id_man_527,0
id_man_528,0
id_man_529,0
id_man_53,0
id_man_530,0
id_man_531,0
id_man_532,0
id_man_533,0
id_man_534,1
id_man_535,0
id_man_536,0
id_man_537,0
id_man_538,0
id_man_539,0
id_man_54,1
id_man_540,0
id_man_541,0
id_man_542,0
id_man_543,2
id_man_544,0
id_man_545,0
id_man_546,0
id_man_547,0
id_man_548,0
id_man_549,0
id_man_55,0
id_man_550,0
id_man_551,0
id_man_552,0
id_man_553,0
id_man_554,0
id_man_555,0
id_man_556,0
id_man_557,1
id_man_558,0
id_man_559,0
id_man_56,0
id_man_560,0
id_man_561,0
id_man_562,0
id_man_563,0
id_man_564,0
id_man_565,0
id_man_566,0
id_man_567,0
id_man_568,0
id_man_569,0
id_man_57,0
id_man_570,0
id_man_571,0
id_man_572,0
id_man_573,0
id_man_574,0
id_man_575,0
id_man_576,1
id_man_577,0
id_man_578,0
id_man_579,0
id_man_58,0
id_man_580,0
id_man_581,0
id_man_582,0
id_man_583,0
id_man_584,0
id_man_585,0
id_man_586,0
id_man_587,0
id_man_588,0
id_man_589,0
id_man_59,0
id_man_590,1
id_man_591,0
id_man_592,0
id_man_593,0
id_man_594,0
id_man_595,0
id_man_596,0
id_man_597,0
id_man_598,0
id_man_599,2
id_man_6,0
id_man_60,0
id_man_600,1
id_man_601,0
id_man_602,0
id_man_603,0
id_man_604,0
id_man_605,0
id_man_606,0
id_man_607,0
id_man_608,0
id_man_609,0
id_man_61,0
id_man_610,0
id_man_611,0
id_man_612,0
id_man_613,1
id_man_614,0
id_man_615,0
id_man_616,1
id_man_617,0
id_man_618,0
id_man_619,0
id_man_62,0
id_man_620,1
id_man_621,1
id_man_622,0
id_man_623,1
id_man_624,0
id_man_625,0
id_man_626,0
id_man_627,0
id_man_628,0
id_man_629,0
id_man_63,2
id_man_630,0
id_man_631,0
id_man_632,0
id_man_633,0
id_man_634,0
id_man_635,0
id_man_636,0
id_man_637,1
id_man_638,0
id_man_639,0
id_man_64,0
id_man_640,0
id_man_641,0
id_man_642,0
id_man_643,0
id_man_644,1
id_man_645,0
id_man_646,0
id_man_647,0
id_man_648,0
id_man_649,0
id_man_65,0
id_man_650,0
id_man_651,0
id_man_652,0
id_man_653,0
id_man_654,0
id_man_655,0
id_man_656,0
id_man_657,0
id_man_658,0
id_man_659,0
id_man_66,2
id_man_660,0
id_man_661,0
id_man_662,0
id_man_663,0
id_man_664,0
id_man_665,0
id_man_666,0
id_man_667,0
id_man_668,0
id_man_669,0
id_man_67,0
id_man_670,0
id_man_671,0
id_man_672,0
id_man_673,0
id_man_674,0
id_man_675,0
id_man_676,0
id_man_677,0
id_man_678,1
id_man_679,0
id_man_68,0
id_man_680,0
id_man_681,0
id_man_682,0
id_man_683,0
id_man_684,0
id_man_685,0
id_man_686,0
id_man_687,0
id_man_688,0
id_man_689,0
id_man_69,0
id_man_690,0
id_man_691,2
id_man_692,0
id_man_693,0
id_man_694,1
id_man_695,0
id_man_696,0
id_man_697,2
id_man_698,0
id_man_699,2
id_man_7,0
id_man_70,0
id_man_700,0
id_man_701,0
id_man_702,0
id_man_703,0
id_man_704,0
id_man_705,0
id_man_706,0
id_man_707,0
id_man_708,0
id_man_709,1
id_man_71,0
id_man_710,0
id_man_711,0
id_man_712,0
id_man_713,0
id_man_714,0
id_man_715,0
id_man_716,0
id_man_717,0
id_man_718,0
id_man_719,0
id_man_72,0
id_man_720,0
id_man_721,0
id_man_722,0
id_man_723,0
id_man_724,0
id_man_725,0
id_man_726,0
id_man_727,0
id_man_728,0
id_man_729,0
id_man_73,0
id_man_730,0
id_man_731,1
id_man_732,0
id_man_733,0
id_man_734,0
id_man_735,0
id_man_736,0
id_man_737,0
id_man_738,0
id_man_739,0
id_man_74,0
id_man_740,0
id_man_741,0
id_man_742,0
id_man_743,0
id_man_744,0
id_man_745,0
id_man_746,0
id_man_747,0
id_man_748,0
id_man_749,0
id_man_75,0
id_man_750,0
id_man_751,0
id_man_752,0
id_man_753,0
id_man_754,0
id_man_755,0
id_man_756,0
id_man_757,0
id_man_758,0
id_man_759,0
id_man_76,0
id_man_760,0
id_man_761,0
id_man_762,0
id_man_763,0
id_man_764,1
id_man_765,0
id_man_766,0
id_man_767,0
id_man_768,0
id_man_769,0
id_man_77,0
id_man_770,0
id_man_771,0
id_man_772,0
id_man_773,0
id_man_774,0
id_man_775,1
id_man_776,0
id_man_777,0
id_man_778,0
id_man_779,0
id_man_78,0
id_man_780,0
id_man_781,2
id_man_782,0
id_man_783,0
id_man_784,0
id_man_785,0
id_man_786,0
id_man_787,0
id_man_788,0
id_man_789,1
id_man_79,0
id_man_790,0
id_man_791,0
id_man_792,0
id_man_793,0
id_man_794,1
id_man_795,0
id_man_796,0
id_man_797,0
id_man_798,2
id_man_799,0
id_man_8,1
id_man_80,0
id_man_800,0
id_man_801,0
id_man_802,2
id_man_803,0
id_man_804,2
id_man_805,0
id_man_806,0
id_man_807,0
id_man_808,0
id_man_809,0
id_man_81,0
id_man_810,0
id_man_811,0
id_man_812,0
id_man_813,0
id_man_814,2
id_man_815,2
id_man_816,0
id_man_817,0
id_man_818,0
id_man_819,0
id_man_82,0
id_man_820,0
id_man_821,0
id_man_822,0
id_man_823,0
id_man_824,0
id_man_825,0
id_man_826,0
id_man_827,0
id_man_828,0
id_man_829,0
id_man_83,0
id_man_830,0
id_man_831,0
id_man_832,0
id_man_833,0
id_man_834,0
id_man_835,2
id_man_836,0
id_man_837,0
id_man_838,0
id_man_839,0
id_man_84,0
id_man_840,0
id_man_841,0
id_man_842,0
id_man_843,0
id_man_844,0
id_man_845,0
id_man_846,0
id_man_847,0
id_man_848,0
id_man_849,0
id_man_85,2
id_man_850,2
id_man_851,0
id_man_852,1
id_man_853,2
id_man_854,0
id_man_855,0
id_man_856,0
id_man_857,0
id_man_858,0
id_man_859,0
id_man_86,0
id_man_860,0
id_man_861,0
id_man_862,0
id_man_863,0
id_man_864,0
id_man_865,0
id_man_866,0
id_man_867,0
id_man_868,0
id_man_869,0
id_man_87,0
id_man_870,0
id_man_871,2
id_man_872,0
id_man_873,0
id_man_874,0
id_man_875,0
id_man_876,0
id_man_877,0
id_man_878,0
id_man_879,2
id_man_88,0
id_man_880,0
id_man_881,0
id_man_882,0
id_man_883,0
id_man_884,0
id_man_885,0
id_man_886,0
id_man_887,0
id_man_888,0
id_man_889,0
id_man_89,0
id_man_890,0
id_man_891,0
id_man_892,2
id_man_893,0
id_man_894,0
id_man_895,0
id_man_896,0
id_man_897,0
id_man_898,0
id_man_899,0
id_man_9,0
id_man_90,0
id_man_900,0
id_man_901,0
id_man_902,0
id_man_903,1
id_man_904,0
id_man_905,0
id_man_906,0
id_man_907,0
id_man_908,0
id_man_909,1
id_man_91,0
id_man_910,0
id_man_911,2
id_man_912,0
id_man_913,0
id_man_914,0
id_man_915,0
id_man_916,1
id_man_917,0
id_man_918,0
id_man_919,0
id_man_92,0
id_man_920,0
id_man_921,0
id_man_922,0
id_man_923,0
id_man_924,0
id_man_925,0
id_man_926,0
id_man_927,0
id_man_928,0
id_man_929,0
id_man_93,0
id_man_930,0
id_man_931,0
id_man_932,0
id_man_933,0
id_man_934,0
id_man_935,0
id_man_936,0
id_man_937,2
id_man_938,0
id_man_939,0
id_man_94,0
id_man_940,0
id_man_941,0
id_man_942,0
id_man_943,0
id_man_944,0
id_man_945,0
id_man_946,0
id_man_947,0
id_man_948,0
id_man_949,0
id_man_95,0
id_man_950,0
id_man_951,0
id_man_952,0
id_man_953,0
id_man_954,0
id_man_955,1
id_man_956,1
id_man_957,0
id_man_958,0
id_man_959,1
id_man_96,0
id_man_960,0
id_man_961,0
id_man_962,0
id_man_963,0
id_man_964,0
id_man_965,0
id_man_966,0
id_man_967,0
id_man_968,0
id_man_969,0
id_man_97,0
id_man_970,0
id_man_971,1
id_man_972,0
id_man_973,0
id_man_974,0
id_man_975,0
id_man_976,0
id_man_977,0
id_man_978,1
id_man_979,0
id_man_98,0
id_man_980,0
id_man_981,0
id_man_982,0
id_man_983,0
id_man_984,0
id_man_985,0
id_man_986,0
id_man_987,0
id_man_988,0
id_man_989,0
id_man_99,0
id_man_990,0
id_man_991,0
id_man_992,0
id_man_993,0
id_man_994,0
id_man_995,1
id_man_996,0
id_man_997,0
id_man_998,0
id_man_999,0
id_tec_1,0
id_tec_10,0
id_tec_100,0
id_tec_1000,0
id_tec_1001,0
id_tec_1002,0
id_tec_1003,0
id_tec_1004,0
id_tec_1005,0
id_tec_1006,0
id_tec_1007,0
id_tec_1008,0
id_tec_1009,0
id_tec_101,0
id_tec_1010,0
id_tec_1011,0
id_tec_1012,0
id_tec_1013,0
id_tec_1014,0
id_tec_1015,0
id_tec_1016,0
id_tec_1017,0
id_tec_1018,0
id_tec_1019,0
id_tec_102,0
id_tec_1020,0
id_tec_1021,0
id_tec_1022,0
id_tec_1023,0
id_tec_1024,0
id_tec_1025,0
id_tec_1026,0
id_tec_1027,0
id_tec_1028,0
id_tec_1029,0
id_tec_103,0
id_tec_1030,0
id_tec_1031,0
id_tec_1032,0
id_tec_1033,0
id_tec_1034,0
id_tec_1035,0
id_tec_1036,0
id_tec_1037,0
id_tec_1038,0
id_tec_1039,0
id_tec_104,0
id_tec_1040,0
id_tec_1041,0
id_tec_1042,0
id_tec_1043,0
id_tec_1044,0
id_tec_1045,0
id_tec_1046,0
id_tec_1047,0
id_tec_1048,0
id_tec_1049,0
id_tec_105,0
id_tec_1050,0
id_tec_1051,0
id_tec_1052,0
id_tec_1053,0
id_tec_1054,0
id_tec_1055,0
id_tec_1056,0
id_tec_1057,0
id_tec_1058,0
id_tec_1059,0
id_tec_106,0
id_tec_1060,0
id_tec_1061,0
id_tec_1062,0
id_tec_1063,0
id_tec_1064,0
id_tec_1065,0
id_tec_1066,0
id_tec_1067,0
id_tec_1068,0
id_tec_1069,0
id_tec_107,0
id_tec_1070,0
id_tec_1071,0
id_tec_1072,0
id_tec_1073,0
id_tec_1074,0
id_tec_1075,0
id_tec_1076,0
id_tec_1077,0
id_tec_1078,0
id_tec_1079,0
id_tec_108,0
id_tec_1080,0
id_tec_1081,0
id_tec_1082,0
id_tec_1083,0
id_tec_1084,0
id_tec_1085,0
id_tec_1086,0
id_tec_1087,0
id_tec_1088,0
id_tec_1089,0
id_tec_109,0
id_tec_1090,0
id_tec_1091,0
id_tec_1092,0
id_tec_1093,0
id_tec_1094,0
id_tec_1095,0
id_tec_1096,0
id_tec_1097,0
id_tec_1098,0
id_tec_1099,0
id_tec_11,0
id_tec_110,0
id_tec_1100,0
id_tec_1101,0
id_tec_1102,0
id_tec_1103,0
id_tec_1104,0
id_tec_1105,0
id_tec_1106,0
id_tec_1107,0
id_tec_1108,0
id_tec_1109,0
id_tec_111,0
id_tec_1110,0
id_tec_1111,0
id_tec_1112,0
id_tec_1113,0
id_tec_1114,0
id_tec_1115,0
id_tec_1116,0
id_tec_1117,0
id_tec_1118,0
id_tec_1119,0
id_tec_112,0
id_tec_1120,0
id_tec_1121,0
id_tec_1122,0
id_tec_1123,0
id_tec_1124,0
id_tec_1125,0
id_tec_1126,0
id_tec_1127,0
id_tec_1128,0
id_tec_1129,0
id_tec_113,0
id_tec_1130,0
id_tec_1131,0
id_tec_1132,0
id_tec_1133,0
id_tec_1134,0
id_tec_1135,0
id_tec_1136,0
id_tec_1137,0
id_tec_1138,0
id_tec_1139,0
id_tec_114,0
id_tec_1140,0
id_tec_1141,0
id_tec_1142,0
id_tec_1143,0
id_tec_1144,0
id_tec_1145,0
id_tec_1146,0
id_tec_1147,0
id_tec_1148,0
id_tec_1149,0
id_tec_115,0
id_tec_1150,0
id_tec_1151,0
id_tec_1152,0
id_tec_1153,0
id_tec_1154,0
id_tec_1155,0
id_tec_1156,0
id_tec_1157,0
id_tec_1158,0
id_tec_1159,0
id_tec_116,0
id_tec_1160,0
id_tec_1161,0
id_tec_1162,0
id_tec_1163,0
id_tec_1164,0
id_tec_1165,0
id_tec_1166,0
id_tec_1167,0
id_tec_1168,0
id_tec_1169,0
id_tec_117,0
id_tec_1170,0
id_tec_1171,0
id_tec_1172,0
id_tec_1173,0
id_tec_1174,0
id_tec_1175,0
id_tec_1176,0
id_tec_1177,0
id_tec_1178,0
id_tec_1179,0
id_tec_118,0
id_tec_1180,0
id_tec_1181,0
id_tec_1182,0
id_tec_1183,0
id_tec_1184,0
id_tec_1185,0
id_tec_1186,0
id_tec_1187,0
id_tec_1188,0
id_tec_1189,0
id_tec_119,0
id_tec_1190,0
id_tec_1191,0
id_tec_1192,0
id_tec_1193,0
id_tec_1194,0
id_tec_1195,0
id_tec_1196,0
id_tec_1197,0
id_tec_1198,0
id_tec_1199,0
id_tec_12,0
id_tec_120,0
id_tec_1200,0
id_tec_1201,0
id_tec_1202,0
id_tec_1203,0
id_tec_1204,0
id_tec_1205,0
id_tec_1206,0
id_tec_1207,0
id_tec_1208,0
id_tec_1209,0
id_tec_121,0
id_tec_1210,0
id_tec_1211,0
id_tec_1212,0
id_tec_1213,0
id_tec_1214,0
id_tec_1215,0
id_tec_1216,0
id_tec_1217,0
id_tec_1218,0
id_tec_1219,0
id_tec_122,0
id_tec_1220,0
id_tec_1221,0
id_tec_1222,0
id_tec_1223,0
id_tec_1224,0
id_tec_1225,0
id_tec_1226,0
id_tec_1227,0
id_tec_1228,0
id_tec_1229,0
id_tec_123,0
id_tec_1230,0
id_tec_1231,0
id_tec_1232,0
id_tec_1233,0
id_tec_1234,0
id_tec_1235,0
id_tec_1236,0
id_tec_1237,0
id_tec_1238,0
id_tec_1239,0
id_tec_124,0
id_tec_1240,0
id_tec_1241,0
id_tec_1242,0
id_tec_1243,0
id_tec_1244,0
id_tec_1245,0
id_tec_1246,0
id_tec_1247,0
id_tec_1248,0
id_tec_1249,0
id_tec_125,0
id_tec_1250,0
id_tec_1251,0
id_tec_1252,0
id_tec_1253,0
id_tec_1254,0
id_tec_1255,0
id_tec_1256,0
id_tec_1257,0
id_tec_1258,0
id_tec_1259,0
id_tec_126,0
id_tec_1260,0
id_tec_1261,0
id_tec_1262,0
id_tec_1263,0
id_tec_1264,0
id_tec_1265,0
id_tec_1266,0
id_tec_1267,0
id_tec_1268,0
id_tec_1269,0
id_tec_127,0
id_tec_1270,0
id_tec_1271,0
id_tec_1272,0
id_tec_1273,0
id_tec_1274,0
id_tec_1275,0
id_tec_1276,0
id_tec_1277,0
id_tec_1278,0
id_tec_1279,0
id_tec_128,0
id_tec_1280,0
id_tec_1281,0
id_tec_1282,0
id_tec_1283,0
id_tec_1284,0
id_tec_1285,0
id_tec_1286,0
id_tec_1287,0
id_tec_1288,0
id_tec_1289,0
id_tec_129,0
id_tec_1290,0
id_tec_1291,0
id_tec_1292,0
id_tec_1293,0
id_tec_1294,0
id_tec_1295,0
id_tec_1296,0
id_tec_1297,0
id_tec_1298,0
id_tec_1299,0
id_tec_13,0
id_tec_130,0
id_tec_1300,0
id_tec_1301,0
id_tec_1302,0
id_tec_1303,0
id_tec_1304,0
id_tec_1305,0
id_tec_1306,0
id_tec_1307,0
id_tec_1308,0
id_tec_1309,0
id_tec_131,0
id_tec_1310,0
id_tec_1311,0
id_tec_1312,0
id_tec_1313,0
id_tec_1314,0
id_tec_1315,0
id_tec_1316,0
id_tec_1317,0
id_tec_1318,0
id_tec_1319,0
id_tec_132,0
id_tec_1320,0
id_tec_1321,0
id_tec_1322,0
id_tec_1323,0
id_tec_1324,0
id_tec_1325,0
id_tec_1326,0
id_tec_1327,0
id_tec_1328,0
id_tec_1329,0
id_tec_133,0
id_tec_1330,0
id_tec_1331,0
id_tec_1332,0
id_tec_1333,0
id_tec_1334,0
id_tec_1335,0
id_tec_1336,0
id_tec_1337,0
id_tec_1338,0
id_tec_1339,0
id_tec_134,0
id_tec_1340,0
id_tec_1341,0
id_tec_1342,0
id_tec_1343,0
id_tec_1344,0
id_tec_1345,0
id_tec_1346,0
id_tec_1347,0
id_tec_1348,0
id_tec_1349,0
id_tec_135,0
id_tec_1350,0
id_tec_1351,0
id_tec_1352,0
id_tec_1353,0
id_tec_1354,0
id_tec_1355,0
id_tec_1356,0
id_tec_1357,0
id_tec_1358,0
id_tec_1359,0
id_tec_136,0
id_tec_1360,0
id_tec_1361,0
id_tec_1362,0
id_tec_1363,0
id_tec_1364,0
id_tec_1365,0
id_tec_1366,0
id_tec_1367,0
id_tec_1368,0
id_tec_1369,0
id_tec_137,0
id_tec_1370,0
id_tec_1371,0
id_tec_1372,0
id_tec_1373,0
id_tec_1374,0
id_tec_1375,0
id_tec_1376,0
id_tec_1377,0
id_tec_1378,0
id_tec_1379,0
id_tec_138,0
id_tec_1380,0
id_tec_1381,0
id_tec_1382,0
id_tec_1383,0
id_tec_1384,0
id_tec_1385,0
id_tec_1386,0
id_tec_1387,0
id_tec_1388,0
id_tec_1389,0
id_tec_139,0
id_tec_1390,0
id_tec_1391,0
id_tec_1392,0
id_tec_1393,0
id_tec_1394,0
id_tec_1395,0
id_tec_1396,0
id_tec_1397,0
id_tec_1398,0
id_tec_1399,0
id_tec_14,0
id_tec_140,0
id_tec_1400,0
id_tec_1401,0
id_tec_1402,0
id_tec_1403,0
id_tec_1404,0
id_tec_1405,0
id_tec_1406,0
id_tec_1407,0
id_tec_1408,0
id_tec_1409,0
id_tec_141,0
id_tec_1410,0
id_tec_1411,0
id_tec_1412,0
id_tec_1413,0
id_tec_1414,0
id_tec_1415,0
id_tec_1416,0
id_tec_1417,0
id_tec_1418,0
id_tec_1419,0
id_tec_142,0
id_tec_1420,0
id_tec_1421,0
id_tec_1422,0
id_tec_1423,0
id_tec_1424,0
id_tec_1425,0
id_tec_1426,0
id_tec_1427,0
id_tec_1428,0
id_tec_1429,0
id_tec_143,0
id_tec_1430,0
id_tec_1431,0
id_tec_1432,0
id_tec_1433,0
id_tec_1434,0
id_tec_1435,0
id_tec_1436,0
id_tec_1437,0
id_tec_1438,0
id_tec_1439,0
id_tec_144,0
id_tec_1440,0
id_tec_1441,0
id_tec_1442,0
id_tec_1443,0
id_tec_1444,0
id_tec_1445,0
id_tec_1446,0
id_tec_1447,0
id_tec_1448,0
id_tec_1449,0
id_tec_145,0
id_tec_1450,0
id_tec_1451,0
id_tec_1452,0
id_tec_1453,0
id_tec_1454,0
id_tec_1455,0
id_tec_1456,0
id_tec_1457,0
id_tec_1458,0
id_tec_1459,0
id_tec_146,0
id_tec_1460,0
id_tec_1461,0
id_tec_1462,0
id_tec_1463,0
id_tec_1464,0
id_tec_1465,0
id_tec_1466,0
id_tec_1467,0
id_tec_1468,0
id_tec_1469,0
id_tec_147,0
id_tec_1470,0
id_tec_1471,0
id_tec_1472,0
id_tec_1473,0
id_tec_1474,0
id_tec_1475,0
id_tec_1476,0
id_tec_1477,0
id_tec_1478,0
id_tec_1479,0
id_tec_148,0
id_tec_1480,0
id_tec_1481,0
id_tec_1482,0
id_tec_1483,0
id_tec_1484,0
id_tec_1485,0
id_tec_1486,0
id_tec_1487,0
id_tec_1488,0
id_tec_1489,0
id_tec_149,0
id_tec_1490,0
id_tec_1491,0
id_tec_1492,0
id_tec_1493,0
id_tec_1494,0
id_tec_1495,0
id_tec_1496,0
id_tec_1497,0
id_tec_1498,0
id_tec_1499,0
id_tec_15,0
id_tec_150,0
id_tec_1500,0
id_tec_1501,0
id_tec_1502,0
id_tec_1503,0
id_tec_1504,0
id_tec_1505,0
id_tec_1506,0
id_tec_1507,0
id_tec_1508,0
id_tec_1509,0
id_tec_151,0
id_tec_1510,0
id_tec_1511,0
id_tec_1512,0
id_tec_1513,0
id_tec_1514,0
id_tec_1515,0
id_tec_1516,0
id_tec_1517,0
id_tec_1518,0
id_tec_1519,0
id_tec_152,0
id_tec_1520,0
id_tec_1521,0
id_tec_1522,0
id_tec_1523,0
id_tec_1524,0
id_tec_1525,0
id_tec_1526,0
id_tec_1527,0
id_tec_1528,0
id_tec_1529,0
id_tec_153,0
id_tec_1530,0
id_tec_1531,0
id_tec_1532,0
id_tec_1533,0
id_tec_1534,0
id_tec_1535,0
id_tec_1536,0
id_tec_1537,0
id_tec_1538,0
id_tec_1539,0
id_tec_154,0
id_tec_1540,0
id_tec_1541,0
id_tec_1542,0
id_tec_1543,0
id_tec_1544,0
id_tec_1545,0
id_tec_1546,0
id_tec_1547,0
id_tec_1548,0
id_tec_1549,0
id_tec_155,0
id_tec_1550,0
id_tec_1551,0
id_tec_1552,0
id_tec_1553,0
id_tec_1554,0
id_tec_1555,0
id_tec_1556,0
id_tec_1557,0
id_tec_1558,0
id_tec_1559,0
id_tec_156,0
id_tec_1560,0
id_tec_1561,0
id_tec_1562,0
id_tec_1563,0
id_tec_1564,0
id_tec_1565,0
id_tec_1566,0
id_tec_1567,0
id_tec_1568,0
id_tec_1569,0
id_tec_157,0
id_tec_1570,0
id_tec_1571,0
id_tec_1572,0
id_tec_1573,0
id_tec_1574,0
id_tec_1575,0
id_tec_1576,0
id_tec_1577,0
id_tec_1578,0
id_tec_1579,0
id_tec_158,0
id_tec_1580,0
id_tec_1581,0
id_tec_1582,0
id_tec_1583,0
id_tec_1584,0
id_tec_1585,0
id_tec_1586,0
id_tec_1587,0
id_tec_1588,0
id_tec_1589,0
id_tec_159,0
id_tec_1590,0
id_tec_1591,0
id_tec_1592,0
id_tec_1593,0
id_tec_1594,0
id_tec_1595,0
id_tec_1596,0
id_tec_1597,0
id_tec_1598,0
id_tec_1599,0
id_tec_16,0
id_tec_160,0
id_tec_1600,0
id_tec_1601,0
id_tec_1602,0
id_tec_1603,0
id_tec_1604,0
id_tec_1605,0
id_tec_1606,0
id_tec_1607,0
id_tec_1608,0
id_tec_1609,0
id_tec_161,0
id_tec_1610,0
id_tec_1611,0
id_tec_1612,0
id_tec_1613,0
id_tec_1614,0
id_tec_1615,0
id_tec_1616,0
id_tec_1617,0
id_tec_1618,0
id_tec_1619,0
id_tec_162,0
id_tec_1620,0
id_tec_1621,0
id_tec_1622,0
id_tec_1623,0
id_tec_1624,0
id_tec_1625,0
id_tec_1626,0
id_tec_1627,0
id_tec_1628,0
id_tec_1629,0
id_tec_163,0
id_tec_1630,0
id_tec_1631,0
id_tec_1632,0
id_tec_1633,0
id_tec_1634,0
id_tec_1635,0
id_tec_1636,0
id_tec_1637,0
id_tec_1638,0
id_tec_1639,0
id_tec_164,0
id_tec_1640,0
id_tec_1641,0
id_tec_1642,0
id_tec_1643,0
id_tec_1644,0
id_tec_1645,0
id_tec_1646,0
id_tec_1647,0
id_tec_1648,0
id_tec_1649,0
id_tec_165,0
id_tec_1650,0
id_tec_1651,0
id_tec_1652,0
id_tec_1653,0
id_tec_1654,0
id_tec_1655,0
id_tec_1656,0
id_tec_1657,0
id_tec_1658,0
id_tec_1659,0
id_tec_166,0
id_tec_1660,0
id_tec_1661,0
id_tec_1662,0
id_tec_1663,0
id_tec_1664,0
id_tec_1665,0
id_tec_1666,0
id_tec_1667,0
id_tec_1668,0
id_tec_1669,0
id_tec_167,0
id_tec_1670,0
id_tec_1671,0
id_tec_1672,0
id_tec_1673,0
id_tec_1674,0
id_tec_1675,0
id_tec_1676,0
id_tec_1677,0
id_tec_1678,0
id_tec_1679,0
id_tec_168,0
id_tec_1680,0
id_tec_1681,0
id_tec_1682,0
id_tec_1683,0
id_tec_1684,0
id_tec_1685,0
id_tec_1686,0
id_tec_1687,0
id_tec_1688,0
id_tec_1689,0
id_tec_169,0
id_tec_1690,0
id_tec_1691,0
id_tec_1692,0
id_tec_1693,0
id_tec_1694,0
id_tec_1695,0
id_tec_1696,0
id_tec_1697,0
id_tec_1698,0
id_tec_1699,0
id_tec_17,0
id_tec_170,0
id_tec_1700,0
id_tec_1701,0
id_tec_1702,0
id_tec_1703,0
id_tec_1704,0
id_tec_1705,0
id_tec_1706,0
id_tec_1707,0
id_tec_1708,0
id_tec_1709,0
id_tec_171,0
id_tec_1710,0
id_tec_1711,0
id_tec_1712,0
id_tec_1713,0
id_tec_1714,0
id_tec_1715,0
id_tec_1716,0
id_tec_1717,0
id_tec_1718,0
id_tec_1719,0
id_tec_172,0
id_tec_1720,0
id_tec_1721,0
id_tec_1722,0
id_tec_1723,0
id_tec_1724,0
id_tec_1725,0
id_tec_1726,0
id_tec_1727,0
id_tec_1728,0
id_tec_1729,0
id_tec_173,0
id_tec_1730,0
id_tec_1731,0
id_tec_1732,0
id_tec_1733,0
id_tec_1734,0
id_tec_1735,0
id_tec_1736,0
id_tec_1737,0
id_tec_1738,0
id_tec_1739,0
id_tec_174,0
id_tec_1740,0
id_tec_1741,0
id_tec_1742,0
id_tec_1743,0
id_tec_1744,0
id_tec_1745,0
id_tec_1746,0
id_tec_1747,0
id_tec_1748,0
id_tec_1749,0
id_tec_175,0
id_tec_1750,0
id_tec_1751,0
id_tec_1752,0
id_tec_1753,0
id_tec_1754,0
id_tec_1755,0
id_tec_1756,0
id_tec_1757,0
id_tec_1758,0
id_tec_1759,0
id_tec_176,0
id_tec_1760,0
id_tec_1761,0
id_tec_1762,0
id_tec_1763,0
id_tec_1764,0
id_tec_1765,0
id_tec_1766,0
id_tec_1767,0
id_tec_1768,0
id_tec_1769,0
id_tec_177,0
id_tec_1770,0
id_tec_1771,0
id_tec_1772,0
id_tec_1773,0
id_tec_1774,0
id_tec_1775,0
id_tec_1776,0
id_tec_1777,0
id_tec_1778,0
id_tec_1779,0
id_tec_178,0
id_tec_1780,0
id_tec_1781,0
id_tec_1782,0
id_tec_1783,0
id_tec_1784,0
id_tec_1785,0
id_tec_1786,0
id_tec_1787,0
id_tec_1788,0
id_tec_1789,0
id_tec_179,0
id_tec_1790,0
id_tec_1791,0
id_tec_1792,0
id_tec_1793,0
id_tec_1794,0
id_tec_1795,0
id_tec_1796,0
id_tec_1797,0
id_tec_1798,0
id_tec_1799,0
id_tec_18,0
id_tec_180,0
id_tec_1800,0
id_tec_1801,0
id_tec_1802,0
id_tec_1803,0
id_tec_1804,0
id_tec_1805,0
id_tec_1806,0
id_tec_1807,0
id_tec_1808,0
id_tec_1809,0
id_tec_181,0
id_tec_1810,0
id_tec_1811,0
id_tec_1812,0
id_tec_1813,0
id_tec_1814,0
id_tec_1815,0
id_tec_1816,0
id_tec_1817,0
id_tec_1818,0
id_tec_1819,0
id_tec_182,0
id_tec_1820,0
id_tec_1821,0
id_tec_1822,0
id_tec_1823,0
id_tec_1824,0
id_tec_1825,0
id_tec_1826,0
id_tec_1827,0
id_tec_1828,0
id_tec_1829,0
id_tec_183,0
id_tec_1830,0
id_tec_1831,0
id_tec_1832,0
id_tec_1833,0
id_tec_1834,0
id_tec_1835,0
id_tec_1836,0
id_tec_1837,0
id_tec_1838,0
id_tec_1839,0
id_tec_184,0
id_tec_1840,0
id_tec_1841,0
id_tec_1842,0
id_tec_1843,0
id_tec_1844,0
id_tec_1845,0
id_tec_1846,0
id_tec_1847,0
id_tec_1848,0
id_tec_1849,0
id_tec_185,0
id_tec_1850,0
id_tec_1851,0
id_tec_1852,0
id_tec_1853,0
id_tec_1854,0
id_tec_1855,0
id_tec_1856,0
id_tec_1857,0
id_tec_1858,0
id_tec_1859,0
id_tec_186,0
id_tec_1860,0
id_tec_1861,0
id_tec_1862,0
id_tec_1863,0
id_tec_1864,0
id_tec_1865,0
id_tec_1866,0
id_tec_1867,0
id_tec_1868,0
id_tec_1869,0
id_tec_187,0
id_tec_1870,0
id_tec_1871,0
id_tec_1872,0
id_tec_1873,0
id_tec_1874,0
id_tec_1875,0
id_tec_1876,0
id_tec_1877,0
id_tec_1878,0
id_tec_1879,0
id_tec_188,0
id_tec_1880,0
id_tec_1881,0
id_tec_1882,0
id_tec_1883,0
id_tec_1884,0
id_tec_1885,0
id_tec_1886,0
id_tec_1887,0
id_tec_1888,0
id_tec_1889,0
id_tec_189,0
id_tec_1890,0
id_tec_1891,0
id_tec_1892,0
id_tec_1893,0
id_tec_1894,0
id_tec_1895,0
id_tec_1896,0
id_tec_1897,0
id_tec_1898,0
id_tec_1899,0
id_tec_19,0
id_tec_190,0
id_tec_1900,0
id_tec_1901,0
id_tec_1902,0
id_tec_1903,0
id_tec_1904,0
id_tec_1905,0
id_tec_1906,0
id_tec_1907,0
id_tec_1908,0
id_tec_1909,0
id_tec_191,0
id_tec_1910,0
id_tec_1911,0
id_tec_1912,0
id_tec_1913,0
id_tec_1914,0
id_tec_1915,0
id_tec_1916,0
id_tec_1917,0
id_tec_1918,0
id_tec_1919,0
id_tec_192,0
id_tec_1920,0
id_tec_1921,0
id_tec_1922,0
id_tec_1923,0
id_tec_1924,0
id_tec_1925,0
id_tec_1926,0
id_tec_1927,0
id_tec_1928,0
id_tec_1929,0
id_tec_193,0
id_tec_1930,0
id_tec_1931,0
id_tec_1932,0
id_tec_1933,0
id_tec_1934,0
id_tec_1935,0
id_tec_1936,0
id_tec_1937,0
id_tec_1938,0
id_tec_1939,0
id_tec_194,0
id_tec_1940,0
id_tec_1941,0
id_tec_1942,0
id_tec_1943,0
id_tec_1944,0
id_tec_1945,0
id_tec_1946,0
id_tec_1947,0
id_tec_1948,0
id_tec_1949,0
id_tec_195,0
id_tec_1950,0
id_tec_1951,0
id_tec_1952,0
id_tec_1953,0
id_tec_1954,0
id_tec_1955,0
id_tec_1956,0
id_tec_1957,0
id_tec_1958,0
id_tec_1959,0
id_tec_196,0
id_tec_1960,0
id_tec_1961,0
id_tec_1962,0
id_tec_1963,0
id_tec_1964,0
id_tec_1965,0
id_tec_1966,0
id_tec_1967,0
id_tec_1968,0
id_tec_1969,0
id_tec_197,0
id_tec_1970,0
id_tec_1971,0
id_tec_1972,0
id_tec_1973,0
id_tec_1974,0
id_tec_1975,0
id_tec_1976,0
id_tec_1977,0
id_tec_1978,0
id_tec_1979,0
id_tec_198,0
id_tec_1980,0
id_tec_1981,0
id_tec_1982,0
id_tec_1983,0
id_tec_1984,0
id_tec_1985,0
id_tec_1986,0
id_tec_1987,0
id_tec_1988,0
id_tec_1989,0
id_tec_199,0
id_tec_1990,0
id_tec_1991,0
id_tec_1992,0
id_tec_1993,0
id_tec_1994,0
id_tec_1995,0
id_tec_1996,0
id_tec_1997,0
id_tec_1998,0
id_tec_1999,0
id_tec_2,0
id_tec_20,0
id_tec_200,0
id_tec_2000,0
id_tec_2001,0
id_tec_2002,0
id_tec_2003,0
id_tec_2004,0
id_tec_2005,0
id_tec_2006,0
id_tec_2007,0
id_tec_2008,0
id_tec_2009,0
id_tec_201,0
id_tec_2010,0
id_tec_2011,0
id_tec_2012,0
id_tec_2013,0
id_tec_2014,0
id_tec_2015,0
id_tec_2016,0
id_tec_2017,0
id_tec_2018,0
id_tec_2019,0
id_tec_202,0
id_tec_2020,0
id_tec_2021,0
id_tec_2022,0
id_tec_2023,0
id_tec_2024,0
id_tec_2025,0
id_tec_2026,0
id_tec_2027,0
id_tec_2028,0
id_tec_2029,0
id_tec_203,0
id_tec_2030,0
id_tec_2031,0
id_tec_2032,0
id_tec_2033,0
id_tec_2034,0
id_tec_2035,0
id_tec_2036,0
id_tec_2037,0
id_tec_2038,0
id_tec_2039,0
id_tec_204,0
id_tec_2040,0
id_tec_2041,0
id_tec_2042,0
id_tec_2043,0
id_tec_2044,0
id_tec_2045,0
id_tec_2046,0
id_tec_2047,0
id_tec_2048,0
id_tec_2049,0
id_tec_205,0
id_tec_2050,0
id_tec_2051,0
id_tec_2052,0
id_tec_2053,0
id_tec_2054,0
id_tec_2055,0
id_tec_2056,0
id_tec_2057,0
id_tec_2058,0
id_tec_2059,0
id_tec_206,0
id_tec_2060,0
id_tec_2061,0
id_tec_2062,0
id_tec_2063,0
id_tec_2064,0
id_tec_2065,0
id_tec_2066,0
id_tec_2067,0
id_tec_2068,0
id_tec_2069,0
id_tec_207,0
id_tec_2070,0
id_tec_2071,0
id_tec_2072,0
id_tec_2073,0
id_tec_2074,0
id_tec_2075,0
id_tec_2076,0
id_tec_2077,0
id_tec_2078,0
id_tec_2079,0
id_tec_208,0
id_tec_2080,0
id_tec_2081,0
id_tec_2082,0
id_tec_2083,0
id_tec_2084,0
id_tec_2085,0
id_tec_2086,0
id_tec_2087,0
id_tec_2088,0
id_tec_2089,0
id_tec_209,0
id_tec_2090,0
id_tec_2091,0
id_tec_2092,0
id_tec_2093,0
id_tec_2094,0
id_tec_2095,0
id_tec_2096,0
id_tec_2097,0
id_tec_2098,0
id_tec_2099,0
id_tec_21,0
id_tec_210,0
id_tec_2100,0
id_tec_2101,0
id_tec_2102,0
id_tec_2103,0
id_tec_2104,0
id_tec_2105,0
id_tec_2106,0
id_tec_2107,0
id_tec_2108,0
id_tec_2109,0
id_tec_211,0
id_tec_2110,0
id_tec_2111,0
id_tec_2112,0
id_tec_2113,0
id_tec_2114,0
id_tec_2115,0
id_tec_2116,0
id_tec_2117,0
id_tec_2118,0
id_tec_2119,0
id_tec_212,0
id_tec_2120,0
id_tec_2121,0
id_tec_2122,0
id_tec_2123,0
id_tec_2124,0
id_tec_2125,0
id_tec_2126,0
id_tec_2127,0
id_tec_2128,0
id_tec_2129,0
id_tec_213,0
id_tec_2130,0
id_tec_2131,0
id_tec_2132,0
id_tec_2133,0
id_tec_2134,0
id_tec_2135,0
id_tec_2136,0
id_tec_2137,0
id_tec_2138,0
id_tec_2139,0
id_tec_214,0
id_tec_2140,0
id_tec_2141,0
id_tec_2142,0
id_tec_2143,0
id_tec_2144,0
id_tec_2145,0
id_tec_2146,0
id_tec_2147,0
id_tec_2148,0
id_tec_2149,0
id_tec_215,0
id_tec_2150,0
id_tec_2151,0
id_tec_2152,0
id_tec_2153,0
id_tec_2154,0
id_tec_2155,0
id_tec_2156,0
id_tec_2157,0
id_tec_2158,0
id_tec_2159,0
id_tec_216,0
id_tec_2160,0
id_tec_2161,0
id_tec_2162,0
id_tec_2163,0
id_tec_2164,0
id_tec_2165,0
id_tec_2166,0
id_tec_2167,0
id_tec_2168,0
id_tec_2169,0
id_tec_217,0
id_tec_2170,0
id_tec_2171,0
id_tec_2172,0
id_tec_2173,0
id_tec_2174,0
id_tec_2175,0
id_tec_2176,0
id_tec_2177,0
id_tec_2178,0
id_tec_2179,0
id_tec_218,0
id_tec_2180,0
id_tec_2181,0
id_tec_2182,0
id_tec_2183,0
id_tec_2184,0
id_tec_2185,0
id_tec_2186,0
id_tec_2187,0
id_tec_2188,0
id_tec_2189,0
id_tec_219,0
id_tec_2190,0
id_tec_2191,0
id_tec_2192,0
id_tec_2193,0
id_tec_2194,0
id_tec_2195,0
id_tec_2196,0
id_tec_2197,0
id_tec_2198,0
id_tec_2199,0
id_tec_22,0
id_tec_220,0
id_tec_2200,0
id_tec_2201,0
id_tec_2202,0
id_tec_2203,0
id_tec_2204,0
id_tec_2205,0
id_tec_2206,0
id_tec_2207,0
id_tec_2208,0
id_tec_2209,0
id_tec_221,0
id_tec_2210,0
id_tec_2211,0
id_tec_2212,0
id_tec_2213,0
id_tec_2214,0
id_tec_2215,0
id_tec_2216,0
id_tec_2217,0
id_tec_2218,0
id_tec_2219,0
id_tec_222,0
id_tec_2220,0
id_tec_2221,0
id_tec_2222,0
id_tec_2223,0
id_tec_2224,0
id_tec_2225,0
id_tec_2226,0
id_tec_2227,0
id_tec_2228,0
id_tec_2229,0
id_tec_223,0
id_tec_2230,0
id_tec_2231,0
id_tec_2232,0
id_tec_2233,0
id_tec_2234,0
id_tec_2235,0
id_tec_2236,0
id_tec_2237,0
id_tec_2238,0
id_tec_2239,0
id_tec_224,0
id_tec_2240,0
id_tec_2241,0
id_tec_2242,0
id_tec_2243,0
id_tec_2244,0
id_tec_2245,0
id_tec_2246,0
id_tec_2247,0
id_tec_2248,0
id_tec_2249,0
id_tec_225,0
id_tec_2250,0
id_tec_2251,0
id_tec_2252,0
id_tec_2253,0
id_tec_2254,0
id_tec_2255,0
id_tec_2256,0
id_tec_2257,0
id_tec_2258,0
id_tec_2259,0
id_tec_226,0
id_tec_2260,0
id_tec_2261,0
id_tec_2262,0
id_tec_2263,0
id_tec_2264,0
id_tec_2265,0
id_tec_2266,0
id_tec_2267,0
id_tec_2268,0
id_tec_2269,0
id_tec_227,0
id_tec_2270,0
id_tec_2271,0
id_tec_2272,0
id_tec_2273,0
id_tec_2274,0
id_tec_2275,0
id_tec_2276,0
id_tec_2277,0
id_tec_2278,0
id_tec_2279,0
id_tec_228,0
id_tec_2280,0
id_tec_2281,0
id_tec_2282,0
id_tec_2283,0
id_tec_2284,0
id_tec_2285,0
id_tec_2286,0
id_tec_2287,0
id_tec_2288,0
id_tec_2289,0
id_tec_229,0
id_tec_2290,0
id_tec_2291,0
id_tec_2292,0
id_tec_2293,0
id_tec_2294,0
id_tec_2295,0
id_tec_2296,0
id_tec_2297,0
id_tec_2298,0
id_tec_2299,0
id_tec_23,0
id_tec_230,0
id_tec_2300,0
id_tec_2301,0
id_tec_2302,0
id_tec_2303,0
id_tec_2304,0
id_tec_2305,0
id_tec_2306,0
id_tec_2307,0
id_tec_2308,0
id_tec_2309,0
id_tec_231,0
id_tec_2310,0
id_tec_2311,0
id_tec_2312,0
id_tec_2313,0
id_tec_2314,0
id_tec_2315,0
id_tec_2316,0
id_tec_2317,0
id_tec_2318,0
id_tec_2319,0
id_tec_232,0
id_tec_2320,0
id_tec_2321,0
id_tec_2322,0
id_tec_2323,0
id_tec_2324,0
id_tec_2325,0
id_tec_2326,0
id_tec_2327,0
id_tec_2328,0
id_tec_2329,0
id_tec_233,0
id_tec_2330,0
id_tec_2331,0
id_tec_2332,0
id_tec_2333,0
id_tec_2334,0
id_tec_2335,0
id_tec_2336,0
id_tec_2337,0
id_tec_2338,0
id_tec_2339,0
id_tec_234,0
id_tec_2340,0
id_tec_2341,0
id_tec_2342,0
id_tec_2343,0
id_tec_2344,0
id_tec_2345,0
id_tec_2346,0
id_tec_2347,0
id_tec_2348,0
id_tec_2349,0
id_tec_235,0
id_tec_2350,0
id_tec_2351,0
id_tec_2352,0
id_tec_2353,0
id_tec_2354,0
id_tec_2355,0
id_tec_2356,0
id_tec_2357,0
id_tec_2358,0
id_tec_2359,0
id_tec_236,0
id_tec_2360,0
id_tec_2361,0
id_tec_2362,0
id_tec_2363,0
id_tec_2364,0
id_tec_2365,0
id_tec_2366,0
id_tec_2367,0
id_tec_2368,0
id_tec_2369,0
id_tec_237,0
id_tec_2370,0
id_tec_2371,0
id_tec_2372,0
id_tec_2373,0
id_tec_2374,0
id_tec_2375,0
id_tec_2376,0
id_tec_2377,0
id_tec_2378,0
id_tec_2379,0
id_tec_238,0
id_tec_2380,0
id_tec_2381,0
id_tec_2382,0
id_tec_2383,0
id_tec_2384,0
id_tec_2385,0
id_tec_2386,0
id_tec_2387,0
id_tec_2388,0
id_tec_2389,0
id_tec_239,0
id_tec_2390,0
id_tec_2391,0
id_tec_2392,0
id_tec_2393,0
id_tec_2394,0
id_tec_2395,0
id_tec_2396,0
id_tec_2397,0
id_tec_2398,0
id_tec_2399,0
id_tec_24,0
id_tec_240,0
id_tec_2400,0
id_tec_2401,0
id_tec_2402,0
id_tec_2403,0
id_tec_2404,0
id_tec_2405,0
id_tec_2406,0
id_tec_2407,0
id_tec_2408,0
id_tec_2409,0
id_tec_241,0
id_tec_2410,0
id_tec_2411,0
id_tec_2412,0
id_tec_2413,0
id_tec_2414,0
id_tec_2415,0
id_tec_2416,0
id_tec_2417,0
id_tec_2418,0
id_tec_2419,0
id_tec_242,0
id_tec_2420,0
id_tec_2421,0
id_tec_2422,0
id_tec_2423,0
id_tec_2424,0
id_tec_2425,0
id_tec_2426,0
id_tec_2427,0
id_tec_2428,0
id_tec_2429,0
id_tec_243,0
id_tec_2430,0
id_tec_2431,0
id_tec_2432,0
id_tec_2433,0
id_tec_2434,0
id_tec_2435,0
id_tec_2436,0
id_tec_2437,0
id_tec_2438,0
id_tec_2439,0
id_tec_244,0
id_tec_2440,0
id_tec_2441,0
id_tec_2442,0
id_tec_2443,0
id_tec_2444,0
id_tec_2445,0
id_tec_2446,0
id_tec_2447,0
id_tec_2448,0
id_tec_2449,0
id_tec_245,0
id_tec_2450,0
id_tec_2451,0
id_tec_2452,0
id_tec_2453,0
id_tec_2454,0
id_tec_2455,0
id_tec_2456,0
id_tec_2457,0
id_tec_2458,0
id_tec_2459,0
id_tec_246,0
id_tec_2460,0
id_tec_2461,0
id_tec_2462,0
id_tec_2463,0
id_tec_2464,0
id_tec_2465,0
id_tec_2466,0
id_tec_2467,0
id_tec_2468,0
id_tec_2469,0
id_tec_247,0
id_tec_2470,0
id_tec_2471,0
id_tec_2472,0
id_tec_2473,0
id_tec_2474,0
id_tec_2475,0
id_tec_2476,0
id_tec_2477,0
id_tec_2478,0
id_tec_2479,0
id_tec_248,0
id_tec_2480,0
id_tec_2481,0
id_tec_2482,0
id_tec_2483,0
id_tec_2484,0
id_tec_2485,0
id_tec_2486,0
id_tec_2487,0
id_tec_2488,0
id_tec_2489,0
id_tec_249,0
id_tec_2490,0
id_tec_2491,0
id_tec_2492,0
id_tec_2493,0
id_tec_2494,0
id_tec_2495,0
id_tec_2496,0
id_tec_2497,0
id_tec_2498,0
id_tec_2499,0
id_tec_25,0
id_tec_250,0
id_tec_2500,0
id_tec_2501,0
id_tec_2502,0
id_tec_2503,0
id_tec_2504,0
id_tec_2505,0
id_tec_2506,0
id_tec_2507,0
id_tec_2508,0
id_tec_2509,0
id_tec_251,0
id_tec_2510,0
id_tec_2511,0
id_tec_2512,0
id_tec_2513,0
id_tec_2514,0
id_tec_2515,0
id_tec_2516,0
id_tec_2517,0
id_tec_2518,0
id_tec_2519,0
id_tec_252,0
id_tec_2520,0
id_tec_2521,0
id_tec_2522,0
id_tec_2523,0
id_tec_2524,0
id_tec_2525,0
id_tec_2526,0
id_tec_2527,0
id_tec_2528,0
id_tec_2529,0
id_tec_253,0
id_tec_2530,0
id_tec_2531,0
id_tec_2532,0
id_tec_2533,0
id_tec_2534,0
id_tec_2535,0
id_tec_2536,0
id_tec_2537,0
id_tec_2538,0
id_tec_2539,0
id_tec_254,0
id_tec_2540,0
id_tec_2541,0
id_tec_2542,0
id_tec_2543,0
id_tec_2544,0
id_tec_2545,0
id_tec_2546,0
id_tec_2547,0
id_tec_2548,0
id_tec_2549,0
id_tec_255,0
id_tec_2550,0
id_tec_2551,0
id_tec_2552,0
id_tec_2553,0
id_tec_2554,0
id_tec_2555,0
id_tec_2556,0
id_tec_2557,0
id_tec_2558,0
id_tec_2559,0
id_tec_256,0
id_tec_2560,0
id_tec_2561,0
id_tec_2562,0
id_tec_2563,0
id_tec_2564,0
id_tec_2565,0
id_tec_2566,0
id_tec_2567,0
id_tec_2568,0
id_tec_2569,0
id_tec_257,0
id_tec_2570,0
id_tec_2571,0
id_tec_2572,0
id_tec_2573,0
id_tec_2574,0
id_tec_2575,0
id_tec_2576,0
id_tec_2577,0
id_tec_2578,0
id_tec_2579,0
id_tec_258,0
id_tec_2580,0
id_tec_2581,0
id_tec_2582,0
id_tec_2583,0
id_tec_2584,0
id_tec_2585,0
id_tec_2586,0
id_tec_2587,0
id_tec_2588,0
id_tec_2589,0
id_tec_259,0
id_tec_2590,0
id_tec_2591,0
id_tec_2592,0
id_tec_2593,0
id_tec_2594,0
id_tec_2595,0
id_tec_2596,0
id_tec_2597,0
id_tec_2598,0
id_tec_2599,0
id_tec_26,0
id_tec_260,0
id_tec_2600,0
id_tec_2601,0
id_tec_2602,0
id_tec_2603,0
id_tec_2604,0
id_tec_2605,0
id_tec_2606,0
id_tec_2607,0
id_tec_2608,0
id_tec_2609,0
id_tec_261,0
id_tec_2610,0
id_tec_2611,0
id_tec_2612,0
id_tec_2613,0
id_tec_2614,0
id_tec_2615,0
id_tec_2616,0
id_tec_2617,0
id_tec_2618,0
id_tec_2619,0
id_tec_262,0
id_tec_2620,0
id_tec_2621,0
id_tec_2622,0
id_tec_2623,0
id_tec_2624,0
id_tec_2625,0
id_tec_2626,0
id_tec_2627,0
id_tec_2628,0
id_tec_2629,0
id_tec_263,0
id_tec_2630,0
id_tec_2631,0
id_tec_2632,0
id_tec_2633,0
id_tec_2634,0
id_tec_2635,0
id_tec_2636,0
id_tec_2637,0
id_tec_2638,0
id_tec_2639,0
id_tec_264,0
id_tec_2640,0
id_tec_2641,0
id_tec_2642,0
id_tec_2643,0
id_tec_2644,0
id_tec_2645,0
id_tec_2646,0
id_tec_2647,0
id_tec_2648,0
id_tec_2649,0
id_tec_265,0
id_tec_2650,0
id_tec_2651,0
id_tec_2652,0
id_tec_2653,0
id_tec_2654,0
id_tec_2655,0
id_tec_2656,0
id_tec_2657,0
id_tec_2658,0
id_tec_2659,0
id_tec_266,0
id_tec_2660,0
id_tec_2661,0
id_tec_2662,0
id_tec_2663,0
id_tec_2664,0
id_tec_2665,0
id_tec_2666,0
id_tec_2667,0
id_tec_2668,0
id_tec_2669,0
id_tec_267,0
id_tec_2670,0
id_tec_2671,0
id_tec_2672,0
id_tec_2673,0
id_tec_2674,0
id_tec_2675,0
id_tec_2676,0
id_tec_2677,0
id_tec_2678,0
id_tec_2679,0
id_tec_268,0
id_tec_2680,0
id_tec_2681,0
id_tec_2682,0
id_tec_2683,0
id_tec_2684,0
id_tec_2685,0
id_tec_2686,0
id_tec_2687,0
id_tec_2688,0
id_tec_2689,0
id_tec_269,0
id_tec_2690,0
id_tec_2691,0
id_tec_2692,0
id_tec_2693,0
id_tec_2694,0
id_tec_2695,0
id_tec_2696,0
id_tec_2697,0
id_tec_2698,0
id_tec_2699,0
id_tec_27,0
id_tec_270,0
id_tec_2700,0
id_tec_2701,0
id_tec_2702,0
id_tec_2703,0
id_tec_2704,0
id_tec_2705,0
id_tec_2706,0
id_tec_2707,0
id_tec_2708,0
id_tec_2709,0
id_tec_271,0
id_tec_2710,0
id_tec_2711,0
id_tec_2712,0
id_tec_2713,0
id_tec_2714,0
id_tec_2715,0
id_tec_2716,0
id_tec_2717,0
id_tec_2718,0
id_tec_2719,0
id_tec_272,0
id_tec_2720,0
id_tec_2721,0
id_tec_2722,0
id_tec_2723,0
id_tec_2724,0
id_tec_2725,0
id_tec_2726,0
id_tec_2727,0
id_tec_2728,0
id_tec_2729,0
id_tec_273,0
id_tec_2730,0
id_tec_2731,0
id_tec_2732,0
id_tec_2733,0
id_tec_2734,0
id_tec_2735,0
id_tec_2736,0
id_tec_2737,0
id_tec_2738,0
id_tec_2739,0
id_tec_274,0
id_tec_2740,0
id_tec_2741,0
id_tec_2742,0
id_tec_2743,0
id_tec_2744,0
id_tec_2745,0
id_tec_2746,0
id_tec_2747,0
id_tec_2748,0
id_tec_2749,0
id_tec_275,0
id_tec_2750,0
id_tec_2751,0
id_tec_2752,0
id_tec_2753,0
id_tec_2754,0
id_tec_2755,0
id_tec_2756,0
id_tec_2757,0
id_tec_2758,0
id_tec_2759,0
id_tec_276,0
id_tec_2760,0
id_tec_2761,0
id_tec_2762,0
id_tec_2763,0
id_tec_2764,0
id_tec_2765,0
id_tec_2766,0
id_tec_2767,0
id_tec_2768,0
id_tec_2769,0
id_tec_277,0
id_tec_2770,0
id_tec_2771,0
id_tec_2772,0
id_tec_2773,0
id_tec_2774,0
id_tec_2775,0
id_tec_2776,0
id_tec_2777,0
id_tec_2778,0
id_tec_2779,0
id_tec_278,0
id_tec_2780,0
id_tec_2781,0
id_tec_2782,0
id_tec_2783,0
id_tec_2784,0
id_tec_2785,0
id_tec_2786,0
id_tec_2787,0
id_tec_2788,0
id_tec_2789,0
id_tec_279,0
id_tec_2790,0
id_tec_2791,0
id_tec_2792,0
id_tec_2793,0
id_tec_2794,0
id_tec_2795,0
id_tec_2796,0
id_tec_2797,0
id_tec_2798,0
id_tec_2799,0
id_tec_28,0
id_tec_280,0
id_tec_2800,0
id_tec_2801,0
id_tec_2802,0
id_tec_2803,0
id_tec_2804,0
id_tec_2805,0
id_tec_2806,0
id_tec_2807,0
id_tec_2808,0
id_tec_2809,0
id_tec_281,0
id_tec_2810,0
id_tec_2811,0
id_tec_2812,0
id_tec_2813,0
id_tec_2814,0
id_tec_2815,0
id_tec_2816,0
id_tec_2817,0
id_tec_2818,0
id_tec_2819,0
id_tec_282,0
id_tec_2820,0
id_tec_2821,0
id_tec_2822,0
id_tec_2823,0
id_tec_2824,0
id_tec_2825,0
id_tec_2826,0
id_tec_2827,0
id_tec_2828,0
id_tec_2829,0
id_tec_283,0
id_tec_2830,0
id_tec_2831,0
id_tec_2832,0
id_tec_2833,0
id_tec_2834,0
id_tec_2835,0
id_tec_2836,0
id_tec_2837,0
id_tec_2838,0
id_tec_2839,0
id_tec_284,0
id_tec_2840,0
id_tec_2841,0
id_tec_2842,0
id_tec_2843,0
id_tec_2844,0
id_tec_2845,0
id_tec_2846,0
id_tec_2847,0
id_tec_2848,0
id_tec_2849,0
id_tec_285,0
id_tec_2850,0
id_tec_2851,0
id_tec_2852,0
id_tec_2853,0
id_tec_2854,0
id_tec_2855,0
id_tec_2856,0
id_tec_2857,0
id_tec_2858,0
id_tec_2859,0
id_tec_286,0
id_tec_2860,0
id_tec_2861,0
id_tec_2862,0
id_tec_2863,0
id_tec_2864,0
id_tec_2865,0
id_tec_2866,0
id_tec_2867,0
id_tec_2868,0
id_tec_2869,0
id_tec_287,0
id_tec_2870,0
id_tec_2871,0
id_tec_2872,0
id_tec_2873,0
id_tec_2874,0
id_tec_2875,0
id_tec_2876,0
id_tec_2877,0
id_tec_2878,0
id_tec_2879,0
id_tec_288,0
id_tec_2880,0
id_tec_2881,0
id_tec_2882,0
id_tec_2883,0
id_tec_2884,0
id_tec_2885,0
id_tec_2886,0
id_tec_2887,0
id_tec_2888,0
id_tec_2889,0
id_tec_289,0
id_tec_2890,0
id_tec_2891,0
id_tec_2892,0
id_tec_2893,0
id_tec_2894,0
id_tec_2895,0
id_tec_2896,0
id_tec_2897,0
id_tec_2898,0
id_tec_2899,0
id_tec_29,0
id_tec_290,0
id_tec_2900,0
id_tec_2901,0
id_tec_2902,0
id_tec_2903,0
id_tec_2904,0
id_tec_2905,0
id_tec_2906,0
id_tec_2907,0
id_tec_2908,0
id_tec_2909,0
id_tec_291,0
id_tec_2910,0
id_tec_2911,0
id_tec_2912,0
id_tec_2913,0
id_tec_2914,0
id_tec_2915,0
id_tec_2916,0
id_tec_2917,0
id_tec_2918,0
id_tec_2919,0
id_tec_292,0
id_tec_2920,0
id_tec_2921,0
id_tec_2922,0
id_tec_2923,0
id_tec_2924,0
id_tec_2925,0
id_tec_2926,0
id_tec_2927,0
id_tec_2928,0
id_tec_2929,0
id_tec_293,0
id_tec_2930,0
id_tec_2931,0
id_tec_2932,0
id_tec_2933,0
id_tec_2934,0
id_tec_2935,0
id_tec_2936,0
id_tec_2937,0
id_tec_2938,0
id_tec_2939,0
id_tec_294,0
id_tec_2940,0
id_tec_2941,0
id_tec_2942,0
id_tec_2943,0
id_tec_2944,0
id_tec_2945,0
id_tec_2946,0
id_tec_2947,0
id_tec_2948,0
id_tec_2949,0
id_tec_295,0
id_tec_2950,0
id_tec_2951,0
id_tec_2952,0
id_tec_2953,0
id_tec_2954,0
id_tec_2955,0
id_tec_2956,0
id_tec_2957,0
id_tec_2958,0
id_tec_2959,0
id_tec_296,0
id_tec_2960,0
id_tec_2961,0
id_tec_2962,0
id_tec_2963,0
id_tec_2964,0
id_tec_2965,0
id_tec_2966,0
id_tec_2967,0
id_tec_2968,0
id_tec_2969,0
id_tec_297,0
id_tec_2970,0
id_tec_2971,0
id_tec_2972,0
id_tec_2973,0
id_tec_2974,0
id_tec_2975,0
id_tec_2976,0
id_tec_2977,0
id_tec_2978,0
id_tec_2979,0
id_tec_298,0
id_tec_2980,0
id_tec_2981,0
id_tec_2982,0
id_tec_2983,0
id_tec_2984,0
id_tec_2985,0
id_tec_2986,0
id_tec_2987,0
id_tec_2988,0
id_tec_2989,0
id_tec_299,0
id_tec_2990,0
id_tec_2991,0
id_tec_2992,0
id_tec_2993,0
id_tec_2994,0
id_tec_2995,0
id_tec_2996,0
id_tec_2997,0
id_tec_2998,0
id_tec_2999,0
id_tec_3,0
id_tec_30,0
id_tec_300,0
id_tec_3000,0
id_tec_3001,0
id_tec_3002,0
id_tec_3003,0
id_tec_3004,0
id_tec_3005,0
id_tec_3006,0
id_tec_3007,0
id_tec_3008,0
id_tec_3009,0
id_tec_301,0
id_tec_3010,0
id_tec_3011,0
id_tec_3012,0
id_tec_3013,0
id_tec_3014,0
id_tec_3015,0
id_tec_3016,0
id_tec_3017,0
id_tec_3018,0
id_tec_3019,0
id_tec_302,0
id_tec_3020,0
id_tec_3021,0
id_tec_3022,0
id_tec_3023,0
id_tec_3024,0
id_tec_3025,0
id_tec_3026,0
id_tec_3027,0
id_tec_3028,0
id_tec_3029,0
id_tec_303,0
id_tec_3030,0
id_tec_3031,0
id_tec_3032,0
id_tec_3033,0
id_tec_3034,0
id_tec_3035,0
id_tec_3036,0
id_tec_3037,0
id_tec_3038,0
id_tec_3039,0
id_tec_304,0
id_tec_3040,0
id_tec_3041,0
id_tec_3042,0
id_tec_3043,0
id_tec_3044,0
id_tec_3045,0
id_tec_3046,0
id_tec_3047,0
id_tec_3048,0
id_tec_3049,0
id_tec_305,0
id_tec_3050,0
id_tec_3051,0
id_tec_3052,0
id_tec_3053,0
id_tec_3054,0
id_tec_3055,0
id_tec_3056,0
id_tec_3057,0
id_tec_3058,0
id_tec_3059,0
id_tec_306,0
id_tec_3060,0
id_tec_3061,0
id_tec_3062,0
id_tec_3063,0
id_tec_3064,0
id_tec_3065,0
id_tec_3066,0
id_tec_3067,0
id_tec_3068,0
id_tec_3069,0
id_tec_307,0
id_tec_3070,0
id_tec_3071,0
id_tec_3072,0
id_tec_3073,0
id_tec_3074,0
id_tec_3075,0
id_tec_3076,0
id_tec_3077,0
id_tec_3078,0
id_tec_3079,0
id_tec_308,0
id_tec_3080,0
id_tec_3081,0
id_tec_3082,0
id_tec_3083,0
id_tec_3084,0
id_tec_3085,0
id_tec_3086,0
id_tec_3087,0
id_tec_3088,0
id_tec_3089,0
id_tec_309,0
id_tec_3090,0
id_tec_3091,0
id_tec_3092,0
id_tec_3093,0
id_tec_3094,0
id_tec_3095,0
id_tec_3096,0
id_tec_3097,0
id_tec_3098,0
id_tec_3099,0
id_tec_31,0
id_tec_310,0
id_tec_3100,0
id_tec_3101,0
id_tec_3102,0
id_tec_3103,0
id_tec_3104,0
id_tec_3105,0
id_tec_3106,0
id_tec_3107,0
id_tec_3108,0
id_tec_3109,0
id_tec_311,0
id_tec_3110,0
id_tec_3111,0
id_tec_3112,0
id_tec_3113,0
id_tec_3114,0
id_tec_3115,0
id_tec_3116,0
id_tec_3117,0
id_tec_3118,0
id_tec_3119,0
id_tec_312,0
id_tec_3120,0
id_tec_3121,0
id_tec_3122,0
id_tec_3123,0
id_tec_3124,0
id_tec_3125,0
id_tec_3126,0
id_tec_3127,0
id_tec_3128,0
id_tec_3129,0
id_tec_313,0
id_tec_3130,0
id_tec_3131,0
id_tec_3132,0
id_tec_3133,0
id_tec_3134,0
id_tec_3135,0
id_tec_3136,0
id_tec_3137,0
id_tec_3138,0
id_tec_3139,0
id_tec_314,0
id_tec_3140,0
id_tec_3141,0
id_tec_3142,0
id_tec_3143,0
id_tec_3144,0
id_tec_3145,0
id_tec_3146,0
id_tec_3147,0
id_tec_3148,0
id_tec_3149,0
id_tec_315,0
id_tec_3150,0
id_tec_3151,0
id_tec_3152,0
id_tec_3153,0
id_tec_3154,0
id_tec_3155,0
id_tec_3156,0
id_tec_3157,0
id_tec_3158,0
id_tec_3159,0
id_tec_316,0
id_tec_3160,0
id_tec_3161,0
id_tec_3162,0
id_tec_3163,0
id_tec_3164,0
id_tec_3165,0
id_tec_3166,0
id_tec_3167,0
id_tec_3168,0
id_tec_3169,0
id_tec_317,0
id_tec_3170,0
id_tec_3171,0
id_tec_3172,0
id_tec_3173,0
id_tec_3174,0
id_tec_3175,0
id_tec_3176,0
id_tec_3177,0
id_tec_3178,0
id_tec_3179,0
id_tec_318,0
id_tec_3180,0
id_tec_3181,0
id_tec_3182,0
id_tec_3183,0
id_tec_3184,0
id_tec_3185,0
id_tec_3186,0
id_tec_3187,0
id_tec_3188,0
id_tec_3189,0
id_tec_319,0
id_tec_3190,0
id_tec_3191,0
id_tec_3192,0
id_tec_3193,0
id_tec_3194,0
id_tec_3195,0
id_tec_3196,0
id_tec_3197,0
id_tec_3198,0
id_tec_3199,0
id_tec_32,0
id_tec_320,0
id_tec_3200,0
id_tec_3201,0
id_tec_3202,0
id_tec_3203,0
id_tec_3204,0
id_tec_3205,0
id_tec_3206,0
id_tec_3207,0
id_tec_3208,0
id_tec_3209,0
id_tec_321,0
id_tec_3210,0
id_tec_3211,0
id_tec_3212,0
id_tec_3213,0
id_tec_3214,0
id_tec_3215,0
id_tec_3216,0
id_tec_3217,0
id_tec_3218,0
id_tec_3219,0
id_tec_322,0
id_tec_3220,0
id_tec_3221,0
id_tec_3222,0
id_tec_3223,0
id_tec_3224,0
id_tec_3225,0
id_tec_3226,0
id_tec_3227,0
id_tec_3228,0
id_tec_3229,0
id_tec_323,0
id_tec_3230,0
id_tec_3231,0
id_tec_3232,0
id_tec_3233,0
id_tec_3234,0
id_tec_3235,0
id_tec_3236,0
id_tec_3237,0
id_tec_3238,0
id_tec_3239,0
id_tec_324,0
id_tec_3240,0
id_tec_3241,0
id_tec_3242,0
id_tec_3243,0
id_tec_3244,0
id_tec_3245,0
id_tec_3246,0
id_tec_3247,0
id_tec_3248,0
id_tec_3249,0
id_tec_325,0
id_tec_3250,0
id_tec_3251,0
id_tec_3252,0
id_tec_3253,0
id_tec_3254,0
id_tec_3255,0
id_tec_3256,0
id_tec_3257,0
id_tec_3258,0
id_tec_3259,0
id_tec_326,0
id_tec_3260,0
id_tec_3261,0
id_tec_3262,0
id_tec_3263,0
id_tec_3264,0
id_tec_3265,0
id_tec_3266,0
id_tec_3267,0
id_tec_3268,0
id_tec_3269,0
id_tec_327,0
id_tec_3270,0
id_tec_3271,0
id_tec_3272,0
id_tec_3273,0
id_tec_3274,0
id_tec_3275,0
id_tec_3276,0
id_tec_3277,0
id_tec_3278,0
id_tec_3279,0
id_tec_328,0
id_tec_3280,0
id_tec_3281,0
id_tec_3282,0
id_tec_3283,0
id_tec_3284,0
id_tec_3285,0
id_tec_3286,0
id_tec_3287,0
id_tec_3288,0
id_tec_3289,0
id_tec_329,0
id_tec_3290,0
id_tec_3291,0
id_tec_3292,0
id_tec_3293,0
id_tec_3294,0
id_tec_3295,0
id_tec_3296,0
id_tec_3297,0
id_tec_3298,0
id_tec_3299,0
id_tec_33,0
id_tec_330,0
id_tec_3300,0
id_tec_3301,0
id_tec_3302,0
id_tec_3303,0
id_tec_3304,0
id_tec_3305,0
id_tec_3306,0
id_tec_3307,0
id_tec_3308,0
id_tec_3309,0
id_tec_331,0
id_tec_3310,0
id_tec_3311,0
id_tec_3312,0
id_tec_3313,0
id_tec_3314,0
id_tec_3315,0
id_tec_3316,0
id_tec_3317,0
id_tec_3318,0
id_tec_3319,0
id_tec_332,0
id_tec_3320,0
id_tec_3321,0
id_tec_3322,0
id_tec_3323,0
id_tec_3324,0
id_tec_3325,0
id_tec_3326,0
id_tec_3327,0
id_tec_3328,0
id_tec_3329,0
id_tec_333,0
id_tec_3330,0
id_tec_3331,0
id_tec_3332,0
id_tec_3333,0
id_tec_3334,0
id_tec_3335,0
id_tec_3336,0
id_tec_3337,0
id_tec_3338,0
id_tec_3339,0
id_tec_334,0
id_tec_3340,0
id_tec_3341,0
id_tec_3342,0
id_tec_3343,0
id_tec_3344,0
id_tec_3345,0
id_tec_3346,0
id_tec_3347,0
id_tec_3348,0
id_tec_3349,0
id_tec_335,0
id_tec_3350,0
id_tec_3351,0
id_tec_3352,0
id_tec_3353,0
id_tec_3354,0
id_tec_3355,0
id_tec_3356,0
id_tec_3357,0
id_tec_3358,0
id_tec_3359,0
id_tec_336,0
id_tec_3360,0
id_tec_3361,0
id_tec_3362,0
id_tec_3363,0
id_tec_3364,0
id_tec_3365,0
id_tec_3366,0
id_tec_3367,0
id_tec_3368,0
id_tec_3369,0
id_tec_337,0
id_tec_3370,0
id_tec_3371,0
id_tec_3372,0
id_tec_3373,0
id_tec_3374,0
id_tec_3375,0
id_tec_3376,0
id_tec_3377,0
id_tec_3378,0
id_tec_3379,0
id_tec_338,0
id_tec_3380,0
id_tec_3381,0
id_tec_3382,0
id_tec_3383,0
id_tec_3384,0
id_tec_3385,0
id_tec_3386,0
id_tec_3387,0
id_tec_3388,0
id_tec_3389,0
id_tec_339,0
id_tec_3390,0
id_tec_3391,0
id_tec_3392,0
id_tec_3393,0
id_tec_3394,0
id_tec_3395,0
id_tec_3396,0
id_tec_3397,0
id_tec_3398,0
id_tec_3399,0
id_tec_34,0
id_tec_340,0
id_tec_3400,0
id_tec_3401,0
id_tec_3402,0
id_tec_3403,0
id_tec_3404,0
id_tec_3405,0
id_tec_3406,0
id_tec_3407,0
id_tec_3408,0
id_tec_3409,0
id_tec_341,0
id_tec_3410,0
id_tec_3411,0
id_tec_3412,0
id_tec_3413,0
id_tec_3414,0
id_tec_3415,0
id_tec_3416,0
id_tec_3417,0
id_tec_3418,0
id_tec_3419,0
id_tec_342,0
id_tec_3420,0
id_tec_3421,0
id_tec_3422,0
id_tec_3423,0
id_tec_3424,0
id_tec_3425,0
id_tec_3426,0
id_tec_3427,0
id_tec_3428,0
id_tec_3429,0
id_tec_343,0
id_tec_3430,0
id_tec_3431,0
id_tec_3432,0
id_tec_3433,0
id_tec_3434,0
id_tec_3435,0
id_tec_3436,0
id_tec_3437,0
id_tec_3438,0
id_tec_3439,0
id_tec_344,0
id_tec_3440,0
id_tec_3441,0
id_tec_3442,0
id_tec_3443,0
id_tec_3444,0
id_tec_3445,0
id_tec_3446,0
id_tec_3447,0
id_tec_3448,0
id_tec_3449,0
id_tec_345,0
id_tec_3450,0
id_tec_3451,0
id_tec_3452,0
id_tec_3453,0
id_tec_3454,0
id_tec_3455,0
id_tec_3456,0
id_tec_3457,0
id_tec_3458,0
id_tec_3459,0
id_tec_346,0
id_tec_3460,0
id_tec_3461,0
id_tec_3462,0
id_tec_3463,0
id_tec_3464,0
id_tec_3465,0
id_tec_3466,0
id_tec_3467,0
id_tec_3468,0
id_tec_3469,0
id_tec_347,0
id_tec_3470,0
id_tec_3471,0
id_tec_3472,0
id_tec_3473,0
id_tec_3474,0
id_tec_3475,0
id_tec_3476,0
id_tec_3477,0
id_tec_3478,0
id_tec_3479,0
id_tec_348,0
id_tec_3480,0
id_tec_3481,0
id_tec_3482,0
id_tec_3483,0
id_tec_3484,0
id_tec_3485,0
id_tec_3486,0
id_tec_3487,0
id_tec_3488,0
id_tec_3489,0
id_tec_349,0
id_tec_3490,0
id_tec_3491,0
id_tec_3492,0
id_tec_3493,0
id_tec_3494,0
id_tec_3495,0
id_tec_3496,0
id_tec_3497,0
id_tec_3498,0
id_tec_3499,0
id_tec_35,0
id_tec_350,0
id_tec_3500,0
id_tec_3501,0
id_tec_3502,0
id_tec_3503,0
id_tec_3504,0
id_tec_3505,0
id_tec_3506,0
id_tec_3507,0
id_tec_3508,0
id_tec_3509,0
id_tec_351,0
id_tec_3510,0
id_tec_3511,0
id_tec_3512,0
id_tec_3513,0
id_tec_3514,0
id_tec_3515,0
id_tec_3516,0
id_tec_3517,0
id_tec_3518,0
id_tec_3519,0
id_tec_352,0
id_tec_3520,0
id_tec_3521,0
id_tec_3522,0
id_tec_3523,0
id_tec_3524,0
id_tec_3525,0
id_tec_3526,0
id_tec_3527,0
id_tec_3528,0
id_tec_3529,0
id_tec_353,0
id_tec_3530,0
id_tec_3531,0
id_tec_3532,0
id_tec_3533,0
id_tec_3534,0
id_tec_3535,0
id_tec_3536,0
id_tec_3537,0
id_tec_3538,0
id_tec_3539,0
id_tec_354,0
id_tec_3540,0
id_tec_3541,0
id_tec_3542,0
id_tec_3543,0
id_tec_3544,0
id_tec_3545,0
id_tec_3546,0
id_tec_3547,0
id_tec_3548,0
id_tec_3549,0
id_tec_355,0
id_tec_3550,0
id_tec_3551,0
id_tec_3552,0
id_tec_3553,0
id_tec_3554,0
id_tec_3555,0
id_tec_3556,0
id_tec_3557,0
id_tec_3558,0
id_tec_3559,0
id_tec_356,0
id_tec_3560,0
id_tec_3561,0
id_tec_3562,0
id_tec_3563,0
id_tec_3564,0
id_tec_3565,0
id_tec_3566,0
id_tec_3567,0
id_tec_3568,0
id_tec_3569,0
id_tec_357,0
id_tec_3570,0
id_tec_3571,0
id_tec_3572,0
id_tec_3573,0
id_tec_3574,0
id_tec_3575,0
id_tec_3576,0
id_tec_3577,0
id_tec_3578,0
id_tec_3579,0
id_tec_358,0
id_tec_3580,0
id_tec_3581,0
id_tec_3582,0
id_tec_3583,0
id_tec_3584,0
id_tec_3585,0
id_tec_3586,0
id_tec_3587,0
id_tec_3588,0
id_tec_3589,0
id_tec_359,0
id_tec_3590,0
id_tec_3591,0
id_tec_3592,0
id_tec_3593,0
id_tec_3594,0
id_tec_3595,0
id_tec_3596,0
id_tec_3597,0
id_tec_3598,0
id_tec_3599,0
id_tec_36,0
id_tec_360,0
id_tec_3600,0
id_tec_3601,0
id_tec_3602,0
id_tec_3603,0
id_tec_3604,0
id_tec_3605,0
id_tec_3606,0
id_tec_3607,0
id_tec_3608,0
id_tec_3609,0
id_tec_361,0
id_tec_3610,0
id_tec_3611,0
id_tec_3612,0
id_tec_3613,0
id_tec_3614,0
id_tec_3615,0
id_tec_3616,0
id_tec_3617,0
id_tec_3618,0
id_tec_3619,0
id_tec_362,0
id_tec_3620,0
id_tec_3621,0
id_tec_3622,0
id_tec_3623,0
id_tec_3624,0
id_tec_3625,0
id_tec_3626,0
id_tec_3627,0
id_tec_3628,0
id_tec_3629,0
id_tec_363,0
id_tec_3630,0
id_tec_3631,0
id_tec_3632,0
id_tec_3633,0
id_tec_3634,0
id_tec_3635,0
id_tec_3636,0
id_tec_3637,0
id_tec_3638,0
id_tec_3639,0
id_tec_364,0
id_tec_3640,0
id_tec_3641,0
id_tec_3642,0
id_tec_3643,0
id_tec_3644,0
id_tec_3645,0
id_tec_3646,0
id_tec_3647,0
id_tec_3648,0
id_tec_3649,0
id_tec_365,0
id_tec_3650,0
id_tec_3651,0
id_tec_3652,0
id_tec_3653,0
id_tec_3654,0
id_tec_3655,0
id_tec_3656,0
id_tec_3657,0
id_tec_3658,0
id_tec_3659,0
id_tec_366,0
id_tec_3660,0
id_tec_3661,0
id_tec_3662,0
id_tec_3663,0
id_tec_3664,0
id_tec_3665,0
id_tec_3666,0
id_tec_3667,0
id_tec_3668,0
id_tec_3669,0
id_tec_367,0
id_tec_3670,0
id_tec_3671,0
id_tec_3672,0
id_tec_3673,0
id_tec_3674,0
id_tec_3675,0
id_tec_3676,0
id_tec_3677,0
id_tec_3678,0
id_tec_3679,0
id_tec_368,0
id_tec_3680,0
id_tec_3681,0
id_tec_3682,0
id_tec_3683,0
id_tec_3684,0
id_tec_3685,0
id_tec_3686,0
id_tec_3687,0
id_tec_3688,0
id_tec_3689,0
id_tec_369,0
id_tec_3690,0
id_tec_3691,0
id_tec_3692,0
id_tec_3693,0
id_tec_3694,0
id_tec_3695,0
id_tec_3696,0
id_tec_3697,0
id_tec_3698,0
id_tec_3699,0
id_tec_37,0
id_tec_370,0
id_tec_3700,0
id_tec_3701,0
id_tec_3702,0
id_tec_3703,0
id_tec_3704,0
id_tec_3705,0
id_tec_3706,0
id_tec_3707,0
id_tec_3708,0
id_tec_3709,0
id_tec_371,0
id_tec_3710,0
id_tec_3711,0
id_tec_3712,0
id_tec_3713,0
id_tec_3714,0
id_tec_3715,0
id_tec_3716,0
id_tec_3717,0
id_tec_3718,0
id_tec_3719,0
id_tec_372,0
id_tec_3720,0
id_tec_3721,0
id_tec_3722,0
id_tec_3723,0
id_tec_3724,0
id_tec_3725,0
id_tec_3726,0
id_tec_3727,0
id_tec_3728,0
id_tec_3729,0
id_tec_373,0
id_tec_3730,0
id_tec_3731,0
id_tec_3732,0
id_tec_3733,0
id_tec_3734,0
id_tec_3735,0
id_tec_3736,0
id_tec_3737,0
id_tec_3738,0
id_tec_3739,0
id_tec_374,0
id_tec_3740,0
id_tec_3741,0
id_tec_3742,0
id_tec_3743,0
id_tec_3744,0
id_tec_3745,0
id_tec_3746,0
id_tec_3747,0
id_tec_3748,0
id_tec_3749,0
id_tec_375,0
id_tec_3750,0
id_tec_3751,0
id_tec_3752,0
id_tec_3753,0
id_tec_3754,0
id_tec_3755,0
id_tec_3756,0
id_tec_3757,0
id_tec_3758,0
id_tec_3759,0
id_tec_376,0
id_tec_3760,0
id_tec_3761,0
id_tec_3762,0
id_tec_3763,0
id_tec_3764,0
id_tec_3765,0
id_tec_3766,0
id_tec_3767,0
id_tec_3768,0
id_tec_3769,0
id_tec_377,0
id_tec_3770,0
id_tec_3771,0
id_tec_3772,0
id_tec_3773,0
id_tec_3774,0
id_tec_3775,0
id_tec_3776,0
id_tec_3777,0
id_tec_3778,0
id_tec_3779,0
id_tec_378,0
id_tec_3780,0
id_tec_3781,0
id_tec_3782,0
id_tec_3783,0
id_tec_3784,0
id_tec_3785,0
id_tec_3786,0
id_tec_3787,0
id_tec_3788,0
id_tec_3789,0
id_tec_379,0
id_tec_3790,0
id_tec_3791,0
id_tec_3792,0
id_tec_3793,0
id_tec_3794,0
id_tec_3795,0
id_tec_3796,0
id_tec_3797,0
id_tec_3798,0
id_tec_3799,0
id_tec_38,0
id_tec_380,0
id_tec_3800,0
id_tec_3801,0
id_tec_3802,0
id_tec_3803,0
id_tec_3804,0
id_tec_3805,0
id_tec_3806,0
id_tec_3807,0
id_tec_3808,0
id_tec_3809,0
id_tec_381,0
id_tec_3810,0
id_tec_3811,0
id_tec_3812,0
id_tec_3813,0
id_tec_3814,0
id_tec_3815,0
id_tec_3816,0
id_tec_3817,0
id_tec_3818,0
id_tec_3819,0
id_tec_382,0
id_tec_3820,0
id_tec_3821,0
id_tec_3822,0
id_tec_3823,0
id_tec_3824,0
id_tec_3825,0
id_tec_3826,0
id_tec_3827,0
id_tec_3828,0
id_tec_3829,0
id_tec_383,0
id_tec_3830,0
id_tec_3831,0
id_tec_3832,0
id_tec_3833,0
id_tec_3834,0
id_tec_3835,0
id_tec_3836,0
id_tec_3837,0
id_tec_3838,0
id_tec_3839,0
id_tec_384,0
id_tec_3840,0
id_tec_3841,0
id_tec_3842,0
id_tec_3843,0
id_tec_3844,0
id_tec_3845,0
id_tec_3846,0
id_tec_3847,0
id_tec_3848,0
id_tec_3849,0
id_tec_385,0
id_tec_3850,0
id_tec_3851,0
id_tec_3852,0
id_tec_3853,0
id_tec_3854,0
id_tec_3855,0
id_tec_3856,0
id_tec_3857,0
id_tec_3858,0
id_tec_3859,0
id_tec_386,0
id_tec_3860,0
id_tec_3861,0
id_tec_3862,0
id_tec_3863,0
id_tec_3864,0
id_tec_3865,0
id_tec_3866,0
id_tec_3867,0
id_tec_3868,0
id_tec_3869,0
id_tec_387,0
id_tec_3870,0
id_tec_3871,0
id_tec_3872,0
id_tec_3873,0
id_tec_3874,0
id_tec_3875,0
id_tec_3876,0
id_tec_3877,0
id_tec_3878,0
id_tec_3879,0
id_tec_388,0
id_tec_3880,0
id_tec_3881,0
id_tec_3882,0
id_tec_3883,0
id_tec_3884,0
id_tec_3885,0
id_tec_3886,0
id_tec_3887,0
id_tec_3888,0
id_tec_3889,0
id_tec_389,0
id_tec_3890,0
id_tec_3891,0
id_tec_3892,0
id_tec_3893,0
id_tec_3894,0
id_tec_3895,0
id_tec_3896,0
id_tec_3897,0
id_tec_3898,0
id_tec_3899,0
id_tec_39,0
id_tec_390,0
id_tec_3900,0
id_tec_3901,0
id_tec_3902,0
id_tec_3903,0
id_tec_3904,0
id_tec_3905,0
id_tec_3906,0
id_tec_3907,0
id_tec_3908,0
id_tec_3909,0
id_tec_391,0
id_tec_3910,0
id_tec_3911,0
id_tec_3912,0
id_tec_3913,0
id_tec_3914,0
id_tec_3915,0
id_tec_3916,0
id_tec_3917,0
id_tec_3918,0
id_tec_3919,0
id_tec_392,0
id_tec_3920,0
id_tec_3921,0
id_tec_3922,0
id_tec_3923,0
id_tec_3924,0
id_tec_3925,0
id_tec_3926,0
id_tec_3927,0
id_tec_3928,0
id_tec_3929,0
id_tec_393,0
id_tec_3930,0
id_tec_3931,0
id_tec_3932,0
id_tec_3933,0
id_tec_3934,0
id_tec_3935,0
id_tec_3936,0
id_tec_3937,0
id_tec_3938,0
id_tec_3939,0
id_tec_394,0
id_tec_3940,0
id_tec_3941,0
id_tec_3942,0
id_tec_3943,0
id_tec_3944,0
id_tec_3945,0
id_tec_3946,0
id_tec_3947,0
id_tec_3948,0
id_tec_3949,0
id_tec_395,0
id_tec_3950,0
id_tec_3951,0
id_tec_3952,0
id_tec_3953,0
id_tec_3954,0
id_tec_3955,0
id_tec_3956,0
id_tec_3957,0
id_tec_3958,0
id_tec_3959,0
id_tec_396,0
id_tec_3960,0
id_tec_3961,0
id_tec_3962,0
id_tec_3963,0
id_tec_3964,0
id_tec_3965,0
id_tec_3966,0
id_tec_3967,0
id_tec_3968,0
id_tec_3969,0
id_tec_397,0
id_tec_3970,0
id_tec_3971,0
id_tec_3972,0
id_tec_3973,0
id_tec_3974,0
id_tec_3975,0
id_tec_3976,0
id_tec_3977,0
id_tec_3978,0
id_tec_3979,0
id_tec_398,0
id_tec_3980,0
id_tec_3981,0
id_tec_3982,0
id_tec_3983,0
id_tec_3984,0
id_tec_3985,0
id_tec_3986,0
id_tec_3987,0
id_tec_3988,0
id_tec_3989,0
id_tec_399,0
id_tec_3990,0
id_tec_3991,0
id_tec_3992,0
id_tec_3993,0
id_tec_3994,0
id_tec_3995,0
id_tec_3996,0
id_tec_3997,0
id_tec_3998,0
id_tec_3999,0
id_tec_4,0
id_tec_40,0
id_tec_400,0
id_tec_4000,0
id_tec_4001,0
id_tec_4002,0
id_tec_4003,0
id_tec_4004,0
id_tec_4005,0
id_tec_4006,0
id_tec_4007,0
id_tec_4008,0
id_tec_4009,0
id_tec_401,0
id_tec_4010,0
id_tec_4011,0
id_tec_4012,0
id_tec_4013,0
id_tec_4014,0
id_tec_4015,0
id_tec_4016,0
id_tec_4017,0
id_tec_4018,0
id_tec_4019,0
id_tec_402,0
id_tec_4020,0
id_tec_4021,0
id_tec_4022,0
id_tec_4023,0
id_tec_4024,0
id_tec_4025,0
id_tec_4026,0
id_tec_4027,0
id_tec_4028,0
id_tec_4029,0
id_tec_403,0
id_tec_4030,0
id_tec_4031,0
id_tec_4032,0
id_tec_4033,0
id_tec_4034,0
id_tec_4035,0
id_tec_4036,0
id_tec_4037,0
id_tec_4038,0
id_tec_4039,0
id_tec_404,0
id_tec_4040,0
id_tec_4041,0
id_tec_4042,0
id_tec_4043,0
id_tec_4044,0
id_tec_4045,0
id_tec_4046,0
id_tec_4047,0
id_tec_4048,0
id_tec_4049,0
id_tec_405,0
id_tec_4050,0
id_tec_4051,0
id_tec_4052,0
id_tec_4053,0
id_tec_4054,0
id_tec_4055,0
id_tec_4056,0
id_tec_4057,0
id_tec_4058,0
id_tec_4059,0
id_tec_406,0
id_tec_4060,0
id_tec_4061,0
id_tec_4062,0
id_tec_4063,0
id_tec_4064,0
id_tec_4065,0
id_tec_4066,0
id_tec_4067,0
id_tec_4068,0
id_tec_4069,0
id_tec_407,0
id_tec_4070,0
id_tec_4071,0
id_tec_4072,0
id_tec_4073,0
id_tec_4074,0
id_tec_4075,0
id_tec_4076,0
id_tec_4077,0
id_tec_4078,0
id_tec_4079,0
id_tec_408,0
id_tec_4080,0
id_tec_4081,0
id_tec_4082,0
id_tec_4083,0
id_tec_4084,0
id_tec_4085,0
id_tec_4086,0
id_tec_4087,0
id_tec_4088,0
id_tec_4089,0
id_tec_409,0
id_tec_4090,0
id_tec_4091,0
id_tec_4092,0
id_tec_4093,0
id_tec_4094,0
id_tec_4095,0
id_tec_4096,0
id_tec_4097,0
id_tec_4098,0
id_tec_4099,0
id_tec_41,0
id_tec_410,0
id_tec_4100,0
id_tec_4101,0
id_tec_4102,0
id_tec_4103,0
id_tec_4104,0
id_tec_4105,0
id_tec_4106,0
id_tec_4107,0
id_tec_4108,0
id_tec_4109,0
id_tec_411,0
id_tec_4110,0
id_tec_4111,0
id_tec_4112,0
id_tec_4113,0
id_tec_4114,0
id_tec_4115,0
id_tec_4116,0
id_tec_4117,0
id_tec_4118,0
id_tec_4119,0
id_tec_412,0
id_tec_4120,0
id_tec_4121,0
id_tec_4122,0
id_tec_4123,0
id_tec_4124,0
id_tec_4125,0
id_tec_4126,0
id_tec_4127,0
id_tec_4128,0
id_tec_4129,0
id_tec_413,0
id_tec_4130,0
id_tec_4131,0
id_tec_4132,0
id_tec_4133,0
id_tec_4134,0
id_tec_4135,0
id_tec_4136,0
id_tec_4137,0
id_tec_4138,0
id_tec_4139,0
id_tec_414,0
id_tec_4140,0
id_tec_4141,0
id_tec_4142,0
id_tec_4143,0
id_tec_4144,0
id_tec_4145,0
id_tec_4146,0
id_tec_4147,0
id_tec_4148,0
id_tec_4149,0
id_tec_415,0
id_tec_4150,0
id_tec_4151,0
id_tec_4152,0
id_tec_4153,0
id_tec_4154,0
id_tec_4155,0
id_tec_4156,0
id_tec_4157,0
id_tec_4158,0
id_tec_4159,0
id_tec_416,0
id_tec_4160,0
id_tec_4161,0
id_tec_4162,0
id_tec_4163,0
id_tec_4164,0
id_tec_4165,0
id_tec_4166,0
id_tec_4167,0
id_tec_4168,0
id_tec_4169,0
id_tec_417,0
id_tec_4170,0
id_tec_4171,0
id_tec_4172,0
id_tec_4173,0
id_tec_4174,0
id_tec_4175,0
id_tec_4176,0
id_tec_4177,0
id_tec_4178,0
id_tec_4179,0
id_tec_418,0
id_tec_4180,0
id_tec_4181,0
id_tec_4182,0
id_tec_4183,0
id_tec_4184,0
id_tec_4185,0
id_tec_4186,0
id_tec_4187,0
id_tec_4188,0
id_tec_4189,0
id_tec_419,0
id_tec_4190,0
id_tec_4191,0
id_tec_4192,0
id_tec_4193,0
id_tec_4194,0
id_tec_4195,0
id_tec_4196,0
id_tec_4197,0
id_tec_4198,0
id_tec_4199,0
id_tec_42,0
id_tec_420,0
id_tec_4200,0
id_tec_4201,0
id_tec_4202,0
id_tec_4203,0
id_tec_4204,0
id_tec_4205,0
id_tec_4206,0
id_tec_4207,0
id_tec_4208,0
id_tec_4209,0
id_tec_421,0
id_tec_4210,0
id_tec_4211,0
id_tec_4212,0
id_tec_4213,0
id_tec_4214,0
id_tec_4215,0
id_tec_4216,0
id_tec_4217,0
id_tec_4218,0
id_tec_4219,0
id_tec_422,0
id_tec_4220,0
id_tec_4221,0
id_tec_4222,0
id_tec_4223,0
id_tec_4224,0
id_tec_4225,0
id_tec_4226,0
id_tec_4227,0
id_tec_4228,0
id_tec_4229,0
id_tec_423,0
id_tec_4230,0
id_tec_4231,0
id_tec_4232,0
id_tec_4233,0
id_tec_4234,0
id_tec_4235,0
id_tec_4236,0
id_tec_4237,0
id_tec_4238,0
id_tec_4239,0
id_tec_424,0
id_tec_4240,0
id_tec_4241,0
id_tec_4242,0
id_tec_4243,0
id_tec_4244,0
id_tec_4245,0
id_tec_4246,0
id_tec_4247,0
id_tec_4248,0
id_tec_4249,0
id_tec_425,0
id_tec_4250,0
id_tec_4251,0
id_tec_4252,0
id_tec_4253,0
id_tec_4254,0
id_tec_4255,0
id_tec_4256,0
id_tec_4257,0
id_tec_4258,0
id_tec_4259,0
id_tec_426,0
id_tec_4260,0
id_tec_4261,0
id_tec_4262,0
id_tec_4263,0
id_tec_4264,0
id_tec_4265,0
id_tec_4266,0
id_tec_4267,0
id_tec_4268,0
id_tec_4269,0
id_tec_427,0
id_tec_4270,0
id_tec_4271,0
id_tec_4272,0
id_tec_4273,0
id_tec_4274,0
id_tec_4275,0
id_tec_4276,0
id_tec_4277,0
id_tec_4278,0
id_tec_4279,0
id_tec_428,0
id_tec_4280,0
id_tec_4281,0
id_tec_4282,0
id_tec_4283,0
id_tec_4284,0
id_tec_4285,0
id_tec_4286,0
id_tec_4287,0
id_tec_4288,0
id_tec_4289,0
id_tec_429,0
id_tec_4290,0
id_tec_4291,0
id_tec_4292,0
id_tec_4293,0
id_tec_4294,0
id_tec_4295,0
id_tec_4296,0
id_tec_4297,0
id_tec_4298,0
id_tec_4299,0
id_tec_43,0
id_tec_430,0
id_tec_4300,0
id_tec_4301,0
id_tec_4302,0
id_tec_4303,0
id_tec_4304,0
id_tec_4305,0
id_tec_4306,0
id_tec_4307,0
id_tec_4308,0
id_tec_4309,0
id_tec_431,0
id_tec_4310,0
id_tec_4311,0
id_tec_4312,0
id_tec_4313,0
id_tec_4314,0
id_tec_4315,0
id_tec_4316,0
id_tec_4317,0
id_tec_4318,0
id_tec_4319,0
id_tec_432,0
id_tec_4320,0
id_tec_4321,0
id_tec_4322,0
id_tec_4323,0
id_tec_4324,0
id_tec_4325,0
id_tec_4326,0
id_tec_4327,0
id_tec_4328,0
id_tec_4329,0
id_tec_433,0
id_tec_4330,0
id_tec_4331,0
id_tec_4332,0
id_tec_4333,0
id_tec_4334,0
id_tec_4335,0
id_tec_4336,0
id_tec_4337,0
id_tec_4338,0
id_tec_4339,0
id_tec_434,0
id_tec_4340,0
id_tec_4341,0
id_tec_4342,0
id_tec_4343,0
id_tec_4344,0
id_tec_4345,0
id_tec_4346,0
id_tec_4347,0
id_tec_4348,0
id_tec_4349,0
id_tec_435,0
id_tec_4350,0
id_tec_4351,0
id_tec_4352,0
id_tec_4353,0
id_tec_4354,0
id_tec_4355,0
id_tec_4356,0
id_tec_4357,0
id_tec_4358,0
id_tec_4359,0
id_tec_436,0
id_tec_4360,0
id_tec_4361,0
id_tec_4362,0
id_tec_4363,0
id_tec_4364,0
id_tec_4365,0
id_tec_4366,0
id_tec_4367,0
id_tec_4368,0
id_tec_4369,0
id_tec_437,0
id_tec_4370,0
id_tec_4371,0
id_tec_4372,0
id_tec_4373,0
id_tec_4374,0
id_tec_4375,0
id_tec_4376,0
id_tec_4377,0
id_tec_4378,0
id_tec_4379,0
id_tec_438,0
id_tec_4380,0
id_tec_4381,0
id_tec_4382,0
id_tec_4383,0
id_tec_4384,0
id_tec_4385,0
id_tec_4386,0
id_tec_4387,0
id_tec_4388,0
id_tec_4389,0
id_tec_439,0
id_tec_4390,0
id_tec_4391,0
id_tec_4392,0
id_tec_4393,0
id_tec_44,0
id_tec_440,0
id_tec_441,0
id_tec_442,0
id_tec_443,0
id_tec_444,0
id_tec_445,0
id_tec_446,0
id_tec_447,0
id_tec_448,0
id_tec_449,0
id_tec_45,0
id_tec_450,0
id_tec_451,0
id_tec_452,0
id_tec_453,0
id_tec_454,0
id_tec_455,0
id_tec_456,0
id_tec_457,0
id_tec_458,0
id_tec_459,0
id_tec_46,0
id_tec_460,0
id_tec_461,0
id_tec_462,0
id_tec_463,0
id_tec_464,0
id_tec_465,0
id_tec_466,0
id_tec_467,0
id_tec_468,0
id_tec_469,0
id_tec_47,0
id_tec_470,0
id_tec_471,0
id_tec_472,0
id_tec_473,0
id_tec_474,0
id_tec_475,0
id_tec_476,0
id_tec_477,0
id_tec_478,0
id_tec_479,0
id_tec_48,0
id_tec_480,0
id_tec_481,0
id_tec_482,0
id_tec_483,0
id_tec_484,0
id_tec_485,0
id_tec_486,0
id_tec_487,0
id_tec_488,0
id_tec_489,0
id_tec_49,0
id_tec_490,0
id_tec_491,0
id_tec_492,0
id_tec_493,0
id_tec_494,0
id_tec_495,0
id_tec_496,0
id_tec_497,0
id_tec_498,0
id_tec_499,0
id_tec_5,0
id_tec_50,0
id_tec_500,0
id_tec_501,0
id_tec_502,0
id_tec_503,0
id_tec_504,0
id_tec_505,0
id_tec_506,0
id_tec_507,0
id_tec_508,0
id_tec_509,0
id_tec_51,0
id_tec_510,0
id_tec_511,0
id_tec_512,0
id_tec_513,0
id_tec_514,0
id_tec_515,0
id_tec_516,0
id_tec_517,0
id_tec_518,0
id_tec_519,0
id_tec_52,0
id_tec_520,0
id_tec_521,0
id_tec_522,0
id_tec_523,0
id_tec_524,0
id_tec_525,0
id_tec_526,0
id_tec_527,0
id_tec_528,0
id_tec_529,0
id_tec_53,0
id_tec_530,0
id_tec_531,0
id_tec_532,0
id_tec_533,0
id_tec_534,0
id_tec_535,0
id_tec_536,0
id_tec_537,0
id_tec_538,0
id_tec_539,0
id_tec_54,0
id_tec_540,0
id_tec_541,0
id_tec_542,0
id_tec_543,0
id_tec_544,0
id_tec_545,0
id_tec_546,0
id_tec_547,0
id_tec_548,0
id_tec_549,0
id_tec_55,0
id_tec_550,0
id_tec_551,0
id_tec_552,0
id_tec_553,0
id_tec_554,0
id_tec_555,0
id_tec_556,0
id_tec_557,0
id_tec_558,0
id_tec_559,0
id_tec_56,0
id_tec_560,0
id_tec_561,0
id_tec_562,0
id_tec_563,0
id_tec_564,0
id_tec_565,0
id_tec_566,0
id_tec_567,0
id_tec_568,0
id_tec_569,0
id_tec_57,0
id_tec_570,0
id_tec_571,0
id_tec_572,0
id_tec_573,0
id_tec_574,0
id_tec_575,0
id_tec_576,0
id_tec_577,0
id_tec_578,0
id_tec_579,0
id_tec_58,0
id_tec_580,0
id_tec_581,0
id_tec_582,0
id_tec_583,0
id_tec_584,0
id_tec_585,0
id_tec_586,0
id_tec_587,0
id_tec_588,0
id_tec_589,0
id_tec_59,0
id_tec_590,0
id_tec_591,0
id_tec_592,0
id_tec_593,0
id_tec_594,0
id_tec_595,0
id_tec_596,0
id_tec_597,0
id_tec_598,0
id_tec_599,0
id_tec_6,0
id_tec_60,0
id_tec_600,0
id_tec_601,0
id_tec_602,0
id_tec_603,0
id_tec_604,0
id_tec_605,0
id_tec_606,0
id_tec_607,0
id_tec_608,0
id_tec_609,0
id_tec_61,0
id_tec_610,0
id_tec_611,0
id_tec_612,0
id_tec_613,0
id_tec_614,0
id_tec_615,0
id_tec_616,0
id_tec_617,0
id_tec_618,0
id_tec_619,0
id_tec_62,0
id_tec_620,0
id_tec_621,0
id_tec_622,0
id_tec_623,0
id_tec_624,0
id_tec_625,0
id_tec_626,0
id_tec_627,0
id_tec_628,0
id_tec_629,0
id_tec_63,0
id_tec_630,0
id_tec_631,0
id_tec_632,0
id_tec_633,0
id_tec_634,0
id_tec_635,0
id_tec_636,0
id_tec_637,0
id_tec_638,0
id_tec_639,0
id_tec_64,0
id_tec_640,0
id_tec_641,0
id_tec_642,0
id_tec_643,0
id_tec_644,0
id_tec_645,0
id_tec_646,0
id_tec_647,0
id_tec_648,0
id_tec_649,0
id_tec_65,0
id_tec_650,0
id_tec_651,0
id_tec_652,0
id_tec_653,0
id_tec_654,0
id_tec_655,0
id_tec_656,0
id_tec_657,0
id_tec_658,0
id_tec_659,0
id_tec_66,0
id_tec_660,0
id_tec_661,0
id_tec_662,0
id_tec_663,0
id_tec_664,0
id_tec_665,0
id_tec_666,0
id_tec_667,0
id_tec_668,0
id_tec_669,0
id_tec_67,0
id_tec_670,0
id_tec_671,0
id_tec_672,0
id_tec_673,0
id_tec_674,0
id_tec_675,0
id_tec_676,0
id_tec_677,0
id_tec_678,0
id_tec_679,0
id_tec_68,0
id_tec_680,0
id_tec_681,0
id_tec_682,0
id_tec_683,0
id_tec_684,0
id_tec_685,0
id_tec_686,0
id_tec_687,0
id_tec_688,0
id_tec_689,0
id_tec_69,0
id_tec_690,0
id_tec_691,0
id_tec_692,0
id_tec_693,0
id_tec_694,0
id_tec_695,0
id_tec_696,0
id_tec_697,0
id_tec_698,0
id_tec_699,0
id_tec_7,0
id_tec_70,0
id_tec_700,0
id_tec_701,0
id_tec_702,0
id_tec_703,0
id_tec_704,0
id_tec_705,0
id_tec_706,0
id_tec_707,0
id_tec_708,0
id_tec_709,0
id_tec_71,0
id_tec_710,0
id_tec_711,0
id_tec_712,0
id_tec_713,0
id_tec_714,0
id_tec_715,0
id_tec_716,0
id_tec_717,0
id_tec_718,0
id_tec_719,0
id_tec_72,0
id_tec_720,0
id_tec_721,0
id_tec_722,0
id_tec_723,0
id_tec_724,0
id_tec_725,0
id_tec_726,0
id_tec_727,0
id_tec_728,0
id_tec_729,0
id_tec_73,0
id_tec_730,0
id_tec_731,0
id_tec_732,0
id_tec_733,0
id_tec_734,0
id_tec_735,0
id_tec_736,0
id_tec_737,0
id_tec_738,0
id_tec_739,0
id_tec_74,0
id_tec_740,0
id_tec_741,0
id_tec_742,0
id_tec_743,0
id_tec_744,0
id_tec_745,0
id_tec_746,0
id_tec_747,0
id_tec_748,0
id_tec_749,0
id_tec_75,0
id_tec_750,0
id_tec_751,0
id_tec_752,0
id_tec_753,0
id_tec_754,0
id_tec_755,0
id_tec_756,0
id_tec_757,0
id_tec_758,0
id_tec_759,0
id_tec_76,0
id_tec_760,0
id_tec_761,0
id_tec_762,0
id_tec_763,0
id_tec_764,0
id_tec_765,0
id_tec_766,0
id_tec_767,0
id_tec_768,0
id_tec_769,0
id_tec_77,0
id_tec_770,0
id_tec_771,0
id_tec_772,0
id_tec_773,0
id_tec_774,0
id_tec_775,0
id_tec_776,0
id_tec_777,0
id_tec_778,0
id_tec_779,0
id_tec_78,0
id_tec_780,0
id_tec_781,0
id_tec_782,0
id_tec_783,0
id_tec_784,0
id_tec_785,0
id_tec_786,0
id_tec_787,0
id_tec_788,0
id_tec_789,0
id_tec_79,0
id_tec_790,0
id_tec_791,0
id_tec_792,0
id_tec_793,0
id_tec_794,0
id_tec_795,0
id_tec_796,0
id_tec_797,0
id_tec_798,0
id_tec_799,0
id_tec_8,0
id_tec_80,0
id_tec_800,0
id_tec_801,0
id_tec_802,0
id_tec_803,0
id_tec_804,0
id_tec_805,0
id_tec_806,0
id_tec_807,0
id_tec_808,0
id_tec_809,0
id_tec_81,0
id_tec_810,0
id_tec_811,0
id_tec_812,0
id_tec_813,0
id_tec_814,0
id_tec_815,0
id_tec_816,0
id_tec_817,0
id_tec_818,0
id_tec_819,0
id_tec_82,0
id_tec_820,0
id_tec_821,0
id_tec_822,0
id_tec_823,0
id_tec_824,0
id_tec_825,0
id_tec_826,0
id_tec_827,0
id_tec_828,0
id_tec_829,0
id_tec_83,0
id_tec_830,0
id_tec_831,0
id_tec_832,0
id_tec_833,0
id_tec_834,0
id_tec_835,0
id_tec_836,0
id_tec_837,0
id_tec_838,0
id_tec_839,0
id_tec_84,0
id_tec_840,0
id_tec_841,0
id_tec_842,0
id_tec_843,0
id_tec_844,0
id_tec_845,0
id_tec_846,0
id_tec_847,0
id_tec_848,0
id_tec_849,0
id_tec_85,0
id_tec_850,0
id_tec_851,0
id_tec_852,0
id_tec_853,0
id_tec_854,0
id_tec_855,0
id_tec_856,0
id_tec_857,0
id_tec_858,0
id_tec_859,0
id_tec_86,0
id_tec_860,0
id_tec_861,0
id_tec_862,0
id_tec_863,0
id_tec_864,0
id_tec_865,0
id_tec_866,0
id_tec_867,0
id_tec_868,0
id_tec_869,0
id_tec_87,0
id_tec_870,0
id_tec_871,0
id_tec_872,0
id_tec_873,0
id_tec_874,0
id_tec_875,0
id_tec_876,0
id_tec_877,0
id_tec_878,0
id_tec_879,0
id_tec_88,0
id_tec_880,0
id_tec_881,0
id_tec_882,0
id_tec_883,0
id_tec_884,0
id_tec_885,0
id_tec_886,0
id_tec_887,0
id_tec_888,0
id_tec_889,0
id_tec_89,0
id_tec_890,0
id_tec_891,0
id_tec_892,0
id_tec_893,0
id_tec_894,0
id_tec_895,0
id_tec_896,0
id_tec_897,0
id_tec_898,0
id_tec_899,0
id_tec_9,0
id_tec_90,0
id_tec_900,0
id_tec_901,0
id_tec_902,0
id_tec_903,0
id_tec_904,0
id_tec_905,0
id_tec_906,0
id_tec_907,0
id_tec_908,0
id_tec_909,0
id_tec_91,0
id_tec_910,0
id_tec_911,0
id_tec_912,0
id_tec_913,0
id_tec_914,0
id_tec_915,0
id_tec_916,0
id_tec_917,0
id_tec_918,0
id_tec_919,0
id_tec_92,0
id_tec_920,0
id_tec_921,0
id_tec_922,0
id_tec_923,0
id_tec_924,0
id_tec_925,0
id_tec_926,0
id_tec_927,0
id_tec_928,0
id_tec_929,0
id_tec_93,0
id_tec_930,0
id_tec_931,0
id_tec_932,0
id_tec_933,0
id_tec_934,0
id_tec_935,0
id_tec_936,0
id_tec_937,0
id_tec_938,0
id_tec_939,0
id_tec_94,0
id_tec_940,0
id_tec_941,0
id_tec_942,0
id_tec_943,0
id_tec_944,0
id_tec_945,0
id_tec_946,0
id_tec_947,0
id_tec_948,0
id_tec_949,0
id_tec_95,0
id_tec_950,0
id_tec_951,0
id_tec_952,0
id_tec_953,0
id_tec_954,0
id_tec_955,0
id_tec_956,0
id_tec_957,0
id_tec_958,0
id_tec_959,0
id_tec_96,0
id_tec_960,0
id_tec_961,0
id_tec_962,0
id_tec_963,0
id_tec_964,0
id_tec_965,0
id_tec_966,0
id_tec_967,0
id_tec_968,0
id_tec_969,0
id_tec_97,0
id_tec_970,0
id_tec_971,0
id_tec_972,0
id_tec_973,0
id_tec_974,0
id_tec_975,0
id_tec_976,0
id_tec_977,0
id_tec_978,0
id_tec_979,0
id_tec_98,0
id_tec_980,0
id_tec_981,0
id_tec_982,0
id_tec_983,0
id_tec_984,0
id_tec_985,0
id_tec_986,0
id_tec_987,0
id_tec_988,0
id_tec_989,0
id_tec_99,0
id_tec_990,0
id_tec_991,0
id_tec_992,0
id_tec_993,0
id_tec_994,0
id_tec_995,0
id_tec_996,0
id_tec_997,0
id_tec_998,0
id_tec_999,0
