id,ciudades
id_tec_1,100% remoto
id_tec_2,Barcelona
id_tec_3,Lleida
id_tec_4,Madrid
id_tec_5,100% remoto
id_tec_6,100% remoto
id_tec_7,100% remoto
id_tec_8,Madrid
id_tec_9,100% remoto
id_tec_10,100% remoto
id_tec_11,Barcelona
id_tec_12,Barcelona
id_tec_13,Madrid
id_tec_14,Málaga
id_tec_15,Madrid
id_tec_16,Barcelona
id_tec_17,Madrid
id_tec_18,Madrid
id_tec_19,Valencia
id_tec_20,100% remoto
id_tec_21,100% remoto
id_tec_22,100% remoto
id_tec_23,Madrid
id_tec_24,Madrid
id_tec_25,Madrid
id_tec_26,Madrid
id_tec_27,Madrid
id_tec_28,Madrid
id_tec_29,Madrid
id_tec_30,Madrid
id_tec_31,Madrid
id_tec_32,Madrid
id_tec_33,Madrid
id_tec_34,Madrid
id_tec_35,Madrid
id_tec_36,Madrid
id_tec_37,Madrid
id_tec_38,100% remoto
id_tec_39,100% remoto
id_tec_40,Madrid
id_tec_41,Madrid
id_tec_42,Barcelona
id_tec_43,Barcelona
id_tec_44,100% remoto
id_tec_45,Barcelona
id_tec_46,Madrid
id_tec_47,Madrid
id_tec_48,Madrid
id_tec_49,Málaga
id_tec_50,100% remoto
id_tec_51,Barcelona
id_tec_52,Barcelona
id_tec_53,Madrid
id_tec_54,Barcelona
id_tec_55,Madrid
id_tec_56,100% remoto
id_tec_57,100% remoto
id_tec_58,100% remoto
id_tec_59,No especificado
id_tec_60,Madrid
id_tec_61,Barcelona
id_tec_62,Málaga
id_tec_63,Madrid
id_tec_64,Málaga
id_tec_65,100% remoto
id_tec_66,Barcelona
id_tec_67,100% remoto
id_tec_68,Madrid
id_tec_69,Madrid
id_tec_70,Madrid
id_tec_71,Madrid
id_tec_72,100% remoto
id_tec_73,Madrid
id_tec_74,100% remoto
id_tec_75,Baleares
id_tec_76,Barcelona
id_tec_77,Madrid
id_tec_78,Madrid
id_tec_79,Madrid
id_tec_80,Madrid
id_tec_81,Madrid
id_tec_82,Alicante
id_tec_83,100% remoto
id_tec_84,Madrid
id_tec_85,Madrid
id_tec_86,100% remoto
id_tec_87,Sevilla
id_tec_88,100% remoto
id_tec_89,Madrid
id_tec_90,Madrid
id_tec_91,100% remoto
id_tec_92,100% remoto
id_tec_93,Madrid
id_tec_94,Madrid
id_tec_95,Madrid
id_tec_96,100% remoto
id_tec_97,Madrid
id_tec_98,100% remoto
id_tec_99,100% remoto
id_tec_100,100% remoto
id_tec_101,Madrid
id_tec_102,Madrid
id_tec_103,100% remoto
id_tec_104,Madrid
id_tec_105,100% remoto
id_tec_106,Barcelona
id_tec_107,Madrid
id_tec_108,A Coruña
id_tec_109,100% remoto
id_tec_110,Barcelona
id_tec_111,Barcelona
id_tec_112,100% remoto
id_tec_113,Valencia
id_tec_114,100% remoto
id_tec_115,Madrid
id_tec_116,Madrid
id_tec_117,Barcelona
id_tec_118,Madrid
id_tec_119,Madrid
id_tec_120,100% remoto
id_tec_121,100% remoto
id_tec_122,100% remoto
id_tec_123,Madrid
id_tec_124,Madrid
id_tec_125,Madrid
id_tec_126,100% remoto
id_tec_127,Madrid
id_tec_128,100% remoto
id_tec_129,100% remoto
id_tec_130,Bizkaia
id_tec_131,Navarra
id_tec_132,Barcelona
id_tec_133,Bizkaia
id_tec_134,Madrid
id_tec_135,London
id_tec_136,Sta. Cruz De Tenerife
id_tec_137,Madrid
id_tec_138,Bizkaia
id_tec_139,Madrid
id_tec_140,Zaragoza
id_tec_141,Huelva
id_tec_142,Madrid
id_tec_143,100% remoto
id_tec_144,Lleida
id_tec_145,Barcelona
id_tec_146,100% remoto
id_tec_147,Madrid
id_tec_148,Polonia
id_tec_149,100% remoto
id_tec_150,Madrid
id_tec_151,100% remoto
id_tec_152,Barcelona
id_tec_153,Barcelona
id_tec_154,Barcelona
id_tec_155,100% remoto
id_tec_156,100% remoto
id_tec_157,Madrid
id_tec_158,100% remoto
id_tec_159,100% remoto
id_tec_160,100% remoto
id_tec_161,Madrid
id_tec_162,Madrid
id_tec_163,100% remoto
id_tec_164,Barcelona
id_tec_165,Barcelona
id_tec_166,Barcelona
id_tec_167,Madrid
id_tec_168,Madrid
id_tec_169,Madrid
id_tec_170,100% remoto
id_tec_171,Madrid
id_tec_172,Madrid
id_tec_173,Barcelona
id_tec_174,100% remoto
id_tec_175,Madrid
id_tec_176,100% remoto
id_tec_177,100% remoto
id_tec_178,100% remoto
id_tec_179,Madrid
id_tec_180,Barcelona
id_tec_181,100% remoto
id_tec_182,100% remoto
id_tec_183,100% remoto
id_tec_184,100% remoto
id_tec_185,Madrid
id_tec_186,Barcelona
id_tec_187,100% remoto
id_tec_188,Barcelona
id_tec_189,100% remoto
id_tec_190,100% remoto
id_tec_191,Madrid
id_tec_192,100% remoto
id_tec_193,100% remoto
id_tec_194,100% remoto
id_tec_195,Barcelona
id_tec_196,Madrid
id_tec_197,Madrid
id_tec_198,Madrid
id_tec_199,Madrid
id_tec_200,Barcelona
id_tec_201,100% remoto
id_tec_202,Sevilla
id_tec_203,Madrid
id_tec_204,Madrid
id_tec_205,Madrid
id_tec_206,100% remoto
id_tec_207,100% remoto
id_tec_208,Madrid
id_tec_209,100% remoto
id_tec_210,100% remoto
id_tec_211,Barcelona
id_tec_212,Madrid
id_tec_213,Madrid
id_tec_214,Madrid
id_tec_215,100% remoto
id_tec_216,100% remoto
id_tec_217,100% remoto
id_tec_218,Madrid
id_tec_219,100% remoto
id_tec_220,Gipuzkoa
id_tec_221,100% remoto
id_tec_222,Málaga
id_tec_223,100% remoto
id_tec_224,100% remoto
id_tec_225,Madrid
id_tec_226,Gipuzkoa
id_tec_227,100% remoto
id_tec_228,Barcelona
id_tec_229,A Coruña
id_tec_230,100% remoto
id_tec_231,Barcelona
id_tec_232,Zaragoza
id_tec_233,Madrid
id_tec_234,100% remoto
id_tec_235,Madrid
id_tec_236,100% remoto
id_tec_237,Madrid
id_tec_238,Madrid
id_tec_239,Madrid
id_tec_240,Madrid
id_tec_241,100% remoto
id_tec_242,Madrid
id_tec_243,Madrid
id_tec_244,Madrid
id_tec_245,Madrid
id_tec_246,Madrid
id_tec_247,Madrid
id_tec_248,100% remoto
id_tec_249,Madrid
id_tec_250,Madrid
id_tec_251,Castellón
id_tec_252,100% remoto
id_tec_253,Sevilla
id_tec_254,Huelva
id_tec_255,Valencia
id_tec_256,Valladolid
id_tec_257,Madrid
id_tec_258,Barcelona
id_tec_259,Barcelona
id_tec_260,Barcelona
id_tec_261,Valencia
id_tec_262,Pontevedra
id_tec_263,Valencia
id_tec_264,Salamanca
id_tec_265,Barcelona
id_tec_266,Barcelona
id_tec_267,100% remoto
id_tec_268,Málaga
id_tec_269,Madrid
id_tec_270,100% remoto
id_tec_271,Madrid
id_tec_272,Madrid
id_tec_273,Madrid
id_tec_274,Barcelona
id_tec_275,100% remoto
id_tec_276,100% remoto
id_tec_277,Chipre
id_tec_278,100% remoto
id_tec_279,Chipre
id_tec_280,Madrid
id_tec_281,100% remoto
id_tec_282,Málaga
id_tec_283,Chipre
id_tec_284,Madrid
id_tec_285,Madrid
id_tec_286,Madrid
id_tec_287,Albacete
id_tec_288,100% remoto
id_tec_289,Madrid
id_tec_290,100% remoto
id_tec_291,Madrid
id_tec_292,100% remoto
id_tec_293,100% remoto
id_tec_294,Madrid
id_tec_295,Madrid
id_tec_296,Madrid
id_tec_297,Madrid
id_tec_298,Madrid
id_tec_299,Madrid
id_tec_300,Madrid
id_tec_301,Barcelona
id_tec_302,Madrid
id_tec_303,Madrid
id_tec_304,Madrid
id_tec_305,Madrid
id_tec_306,100% remoto
id_tec_307,Madrid
id_tec_308,Madrid
id_tec_309,Madrid
id_tec_310,Madrid
id_tec_311,Madrid
id_tec_312,Madrid
id_tec_313,100% remoto
id_tec_314,100% remoto
id_tec_315,100% remoto
id_tec_316,Madrid
id_tec_317,Barcelona
id_tec_318,Madrid
id_tec_319,Madrid
id_tec_320,Barcelona
id_tec_321,100% remoto
id_tec_322,Barcelona
id_tec_323,Madrid
id_tec_324,Madrid
id_tec_325,Madrid
id_tec_326,Madrid
id_tec_327,Barcelona
id_tec_328,Madrid
id_tec_329,Zaragoza
id_tec_330,Barcelona
id_tec_331,Madrid
id_tec_332,100% remoto
id_tec_333,Barcelona
id_tec_334,Barcelona
id_tec_335,Madrid
id_tec_336,Sevilla
id_tec_337,100% remoto
id_tec_338,Asturias
id_tec_339,100% remoto
id_tec_340,100% remoto
id_tec_341,Barcelona
id_tec_342,Madrid
id_tec_343,Madrid
id_tec_344,Barcelona
id_tec_345,Murcia
id_tec_346,100% remoto
id_tec_347,Madrid
id_tec_348,100% remoto
id_tec_349,Madrid
id_tec_350,Madrid
id_tec_351,100% remoto
id_tec_352,Madrid
id_tec_353,100% remoto
id_tec_354,100% remoto
id_tec_355,Madrid
id_tec_356,Madrid
id_tec_357,100% remoto
id_tec_358,100% remoto
id_tec_359,100% remoto
id_tec_360,Barcelona
id_tec_361,Barcelona
id_tec_362,Madrid
id_tec_363,100% remoto
id_tec_364,Sevilla
id_tec_365,Madrid
id_tec_366,Barcelona
id_tec_367,Madrid
id_tec_368,Madrid
id_tec_369,100% remoto
id_tec_370,Madrid
id_tec_371,100% remoto
id_tec_372,100% remoto
id_tec_373,Barcelona
id_tec_374,100% remoto
id_tec_375,100% remoto
id_tec_376,100% remoto
id_tec_377,100% remoto
id_tec_378,100% remoto
id_tec_379,100% remoto
id_tec_380,Madrid
id_tec_381,Madrid
id_tec_382,Madrid
id_tec_383,100% remoto
id_tec_384,Madrid
id_tec_385,Madrid
id_tec_386,100% remoto
id_tec_387,Madrid
id_tec_388,100% remoto
id_tec_389,No especificado
id_tec_390,Madrid
id_tec_391,100% remoto
id_tec_392,Madrid
id_tec_393,100% remoto
id_tec_394,100% remoto
id_tec_395,Álava
id_tec_396,100% remoto
id_tec_397,100% remoto
id_tec_398,Barcelona
id_tec_399,100% remoto
id_tec_400,Madrid
id_tec_401,Barcelona
id_tec_402,Madrid
id_tec_403,Bizkaia
id_tec_404,Madrid
id_tec_405,Madrid
id_tec_406,Barcelona
id_tec_407,Sevilla
id_tec_408,100% remoto
id_tec_409,100% remoto
id_tec_410,Madrid
id_tec_411,Barcelona
id_tec_412,100% remoto
id_tec_413,100% remoto
id_tec_414,100% remoto
id_tec_415,Valencia
id_tec_416,Madrid
id_tec_417,Barcelona
id_tec_418,Madrid
id_tec_419,Gipuzkoa
id_tec_420,Madrid
id_tec_421,100% remoto
id_tec_422,100% remoto
id_tec_423,Madrid
id_tec_424,100% remoto
id_tec_425,100% remoto
id_tec_426,100% remoto
id_tec_427,Madrid
id_tec_428,Madrid
id_tec_429,Barcelona
id_tec_430,Melilla
id_tec_431,Madrid
id_tec_432,Madrid
id_tec_433,100% remoto
id_tec_434,Málaga
id_tec_435,Girona
id_tec_436,Barcelona
id_tec_437,Madrid
id_tec_438,Bizkaia
id_tec_439,Madrid
id_tec_440,Madrid
id_tec_441,Madrid
id_tec_442,Barcelona
id_tec_443,100% remoto
id_tec_444,Rep. De Macedonia
id_tec_445,Barcelona
id_tec_446,100% remoto
id_tec_447,Madrid
id_tec_448,Madrid
id_tec_449,Madrid
id_tec_450,No especificado
id_tec_451,Madrid
id_tec_452,Bulgaria
id_tec_453,Chipre
id_tec_454,Barcelona
id_tec_455,Madrid
id_tec_456,100% remoto
id_tec_457,Madrid
id_tec_458,Madrid
id_tec_459,Madrid
id_tec_460,Polonia
id_tec_461,Madrid
id_tec_462,Almería
id_tec_463,Madrid
id_tec_464,London
id_tec_465,Barcelona
id_tec_466,Madrid
id_tec_467,Barcelona
id_tec_468,Madrid
id_tec_469,Valencia
id_tec_470,Chipre
id_tec_471,Madrid
id_tec_472,Madrid
id_tec_473,Madrid
id_tec_474,Polonia
id_tec_475,Rep. De Macedonia
id_tec_476,Girona
id_tec_477,Polonia
id_tec_478,Madrid
id_tec_479,La Rioja
id_tec_480,Barcelona
id_tec_481,Madrid
id_tec_482,100% remoto
id_tec_483,Málaga
id_tec_484,Madrid
id_tec_485,Rep. De Macedonia
id_tec_486,100% remoto
id_tec_487,Madrid
id_tec_488,Madrid
id_tec_489,Rep. De Macedonia
id_tec_490,Madrid
id_tec_491,Rep. De Macedonia
id_tec_492,Madrid
id_tec_493,100% remoto
id_tec_494,Madrid
id_tec_495,Barcelona
id_tec_496,Zaragoza
id_tec_497,100% remoto
id_tec_498,Madrid
id_tec_499,Madrid
id_tec_500,100% remoto
id_tec_501,Barcelona
id_tec_502,100% remoto
id_tec_503,Barcelona
id_tec_504,100% remoto
id_tec_505,Madrid
id_tec_506,Zamora
id_tec_507,Valencia
id_tec_508,Valencia
id_tec_509,Madrid
id_tec_510,Barcelona
id_tec_511,Madrid
id_tec_512,Madrid
id_tec_513,Madrid
id_tec_514,Valladolid
id_tec_515,Alicante
id_tec_516,Madrid
id_tec_517,Madrid
id_tec_518,Madrid
id_tec_519,Andorra La Vella
id_tec_520,Córdoba
id_tec_521,100% remoto
id_tec_522,Madrid
id_tec_523,100% remoto
id_tec_524,Madrid
id_tec_525,Bulgaria
id_tec_526,100% remoto
id_tec_527,Madrid
id_tec_528,Madrid
id_tec_529,Madrid
id_tec_530,Polonia
id_tec_531,Albacete
id_tec_532,100% remoto
id_tec_533,Madrid
id_tec_534,Madrid
id_tec_535,100% remoto
id_tec_536,Madrid
id_tec_537,Málaga
id_tec_538,100% remoto
id_tec_539,Madrid
id_tec_540,Madrid
id_tec_541,Madrid
id_tec_542,Madrid
id_tec_543,Madrid
id_tec_544,Madrid
id_tec_545,100% remoto
id_tec_546,Madrid
id_tec_547,Madrid
id_tec_548,Madrid
id_tec_549,Bizkaia
id_tec_550,Malta
id_tec_551,Sevilla
id_tec_552,Madrid
id_tec_553,Badajoz
id_tec_554,100% remoto
id_tec_555,Madrid
id_tec_556,Barcelona
id_tec_557,Madrid
id_tec_558,Pontevedra
id_tec_559,Madrid
id_tec_560,Barcelona
id_tec_561,Baleares
id_tec_562,Bizkaia
id_tec_563,Madrid
id_tec_564,Madrid
id_tec_565,Ourense
id_tec_566,Barcelona
id_tec_567,Madrid
id_tec_568,Málaga
id_tec_569,Madrid
id_tec_570,Madrid
id_tec_571,No especificado
id_tec_572,Madrid
id_tec_573,Asturias
id_tec_574,Madrid
id_tec_575,Madrid
id_tec_576,Malta
id_tec_577,Barcelona
id_tec_578,100% remoto
id_tec_579,100% remoto
id_tec_580,Madrid
id_tec_581,Valencia
id_tec_582,Madrid
id_tec_583,Barcelona
id_tec_584,Madrid
id_tec_585,100% remoto
id_tec_586,Barcelona
id_tec_587,100% remoto
id_tec_588,Madrid
id_tec_589,Barcelona
id_tec_590,Madrid
id_tec_591,100% remoto
id_tec_592,Barcelona
id_tec_593,100% remoto
id_tec_594,Madrid
id_tec_595,100% remoto
id_tec_596,Málaga
id_tec_597,Asturias
id_tec_598,Tarragona
id_tec_599,100% remoto
id_tec_600,Madrid
id_tec_601,Madrid
id_tec_602,Madrid
id_tec_603,Madrid
id_tec_604,Barcelona
id_tec_605,Madrid
id_tec_606,Barcelona
id_tec_607,Barcelona
id_tec_608,Madrid
id_tec_609,Barcelona
id_tec_610,Barcelona
id_tec_611,100% remoto
id_tec_612,Madrid
id_tec_613,Barcelona
id_tec_614,100% remoto
id_tec_615,100% remoto
id_tec_616,Madrid
id_tec_617,Madrid
id_tec_618,Madrid
id_tec_619,100% remoto
id_tec_620,Madrid
id_tec_621,Madrid
id_tec_622,Barcelona
id_tec_623,Barcelona
id_tec_624,100% remoto
id_tec_625,Madrid
id_tec_626,Madrid
id_tec_627,Madrid
id_tec_628,Madrid
id_tec_629,Madrid
id_tec_630,Madrid
id_tec_631,100% remoto
id_tec_632,Madrid
id_tec_633,Madrid
id_tec_634,Barcelona
id_tec_635,Barcelona
id_tec_636,Madrid
id_tec_637,Madrid
id_tec_638,100% remoto
id_tec_639,Barcelona
id_tec_640,Barcelona
id_tec_641,Madrid
id_tec_642,Madrid
id_tec_643,Barcelona
id_tec_644,Barcelona
id_tec_645,100% remoto
id_tec_646,100% remoto
id_tec_647,100% remoto
id_tec_648,Madrid
id_tec_649,Málaga
id_tec_650,100% remoto
id_tec_651,100% remoto
id_tec_652,100% remoto
id_tec_653,Madrid
id_tec_654,Barcelona
id_tec_655,100% remoto
id_tec_656,100% remoto
id_tec_657,Málaga
id_tec_658,100% remoto
id_tec_659,100% remoto
id_tec_660,Madrid
id_tec_661,Valladolid
id_tec_662,100% remoto
id_tec_663,100% remoto
id_tec_664,Barcelona
id_tec_665,100% remoto
id_tec_666,100% remoto
id_tec_667,Barcelona
id_tec_668,Madrid
id_tec_669,Pontevedra
id_tec_670,Barcelona
id_tec_671,Zaragoza
id_tec_672,Madrid
id_tec_673,Sevilla
id_tec_674,Madrid
id_tec_675,Madrid
id_tec_676,Valencia
id_tec_677,Barcelona
id_tec_678,Madrid
id_tec_679,100% remoto
id_tec_680,Zaragoza
id_tec_681,Valencia
id_tec_682,Valencia
id_tec_683,Madrid
id_tec_684,Barcelona
id_tec_685,100% remoto
id_tec_686,100% remoto
id_tec_687,Barcelona
id_tec_688,Sevilla
id_tec_689,Castellón
id_tec_690,Madrid
id_tec_691,100% remoto
id_tec_692,Castellón
id_tec_693,Castellón
id_tec_694,Zaragoza
id_tec_695,100% remoto
id_tec_696,Valencia
id_tec_697,100% remoto
id_tec_698,Castellón
id_tec_699,Valencia
id_tec_700,Madrid
id_tec_701,100% remoto
id_tec_702,100% remoto
id_tec_703,Barcelona
id_tec_704,London
id_tec_705,Rep. De Macedonia
id_tec_706,Salamanca
id_tec_707,Madrid
id_tec_708,Barcelona
id_tec_709,100% remoto
id_tec_710,Madrid
id_tec_711,Barcelona
id_tec_712,Madrid
id_tec_713,Madrid
id_tec_714,No especificado
id_tec_715,100% remoto
id_tec_716,Madrid
id_tec_717,Madrid
id_tec_718,Barcelona
id_tec_719,100% remoto
id_tec_720,100% remoto
id_tec_721,100% remoto
id_tec_722,100% remoto
id_tec_723,100% remoto
id_tec_724,100% remoto
id_tec_725,100% remoto
id_tec_726,100% remoto
id_tec_727,100% remoto
id_tec_728,Madrid
id_tec_729,Polonia
id_tec_730,100% remoto
id_tec_731,100% remoto
id_tec_732,100% remoto
id_tec_733,Madrid
id_tec_734,Madrid
id_tec_735,Madrid
id_tec_736,Málaga
id_tec_737,100% remoto
id_tec_738,Málaga
id_tec_739,100% remoto
id_tec_740,Málaga
id_tec_741,Bizkaia
id_tec_742,100% remoto
id_tec_743,100% remoto
id_tec_744,100% remoto
id_tec_745,Madrid
id_tec_746,A Coruña
id_tec_747,Madrid
id_tec_748,Madrid
id_tec_749,Barcelona
id_tec_750,Madrid
id_tec_751,100% remoto
id_tec_752,Madrid
id_tec_753,Madrid
id_tec_754,Valencia
id_tec_755,Alicante
id_tec_756,Barcelona
id_tec_757,Madrid
id_tec_758,100% remoto
id_tec_759,Madrid
id_tec_760,Madrid
id_tec_761,Barcelona
id_tec_762,Madrid
id_tec_763,Madrid
id_tec_764,Madrid
id_tec_765,Madrid
id_tec_766,Málaga
id_tec_767,Málaga
id_tec_768,100% remoto
id_tec_769,Albacete
id_tec_770,Madrid
id_tec_771,Madrid
id_tec_772,Valencia
id_tec_773,Burgos
id_tec_774,Madrid
id_tec_775,Málaga
id_tec_776,Madrid
id_tec_777,Barcelona
id_tec_778,Barcelona
id_tec_779,Polonia
id_tec_780,Málaga
id_tec_781,Madrid
id_tec_782,100% remoto
id_tec_783,Málaga
id_tec_784,Madrid
id_tec_785,Madrid
id_tec_786,Madrid
id_tec_787,100% remoto
id_tec_788,Málaga
id_tec_789,Madrid
id_tec_790,Madrid
id_tec_791,Madrid
id_tec_792,Barcelona
id_tec_793,Madrid
id_tec_794,100% remoto
id_tec_795,Málaga
id_tec_796,100% remoto
id_tec_797,100% remoto
id_tec_798,Madrid
id_tec_799,Barcelona
id_tec_800,Barcelona
id_tec_801,Barcelona
id_tec_802,Almería
id_tec_803,Barcelona
id_tec_804,Madrid
id_tec_805,Madrid
id_tec_806,100% remoto
id_tec_807,Gipuzkoa
id_tec_808,Malta
id_tec_809,Navarra
id_tec_810,Madrid
id_tec_811,Madrid
id_tec_812,100% remoto
id_tec_813,Bizkaia
id_tec_814,Madrid
id_tec_815,Pontevedra
id_tec_816,Madrid
id_tec_817,Madrid
id_tec_818,Barcelona
id_tec_819,100% remoto
id_tec_820,100% remoto
id_tec_821,Madrid
id_tec_822,Bizkaia
id_tec_823,Asturias
id_tec_824,Barcelona
id_tec_825,No especificado
id_tec_826,Madrid
id_tec_827,Barcelona
id_tec_828,Gipuzkoa
id_tec_829,100% remoto
id_tec_830,Madrid
id_tec_831,Barcelona
id_tec_832,Málaga
id_tec_833,Madrid
id_tec_834,Zaragoza
id_tec_835,Zaragoza
id_tec_836,100% remoto
id_tec_837,Barcelona
id_tec_838,Baleares
id_tec_839,Madrid
id_tec_840,Madrid
id_tec_841,Madrid
id_tec_842,Barcelona
id_tec_843,Albacete
id_tec_844,No especificado
id_tec_845,Córdoba
id_tec_846,100% remoto
id_tec_847,Valencia
id_tec_848,Navarra
id_tec_849,Barcelona
id_tec_850,100% remoto
id_tec_851,100% remoto
id_tec_852,Madrid
id_tec_853,Valencia
id_tec_854,Barcelona
id_tec_855,Madrid
id_tec_856,100% remoto
id_tec_857,Madrid
id_tec_858,Madrid
id_tec_859,Madrid
id_tec_860,Barcelona
id_tec_861,Madrid
id_tec_862,Bizkaia
id_tec_863,Madrid
id_tec_864,Madrid
id_tec_865,Polonia
id_tec_866,Madrid
id_tec_867,Madrid
id_tec_868,100% remoto
id_tec_869,100% remoto
id_tec_870,Zaragoza
id_tec_871,Polonia
id_tec_872,Bulgaria
id_tec_873,Madrid
id_tec_874,Rep. De Macedonia
id_tec_875,Madrid
id_tec_876,100% remoto
id_tec_877,Madrid
id_tec_878,Madrid
id_tec_879,Madrid
id_tec_880,Madrid
id_tec_881,100% remoto
id_tec_882,London
id_tec_883,Madrid
id_tec_884,Sevilla
id_tec_885,Barcelona
id_tec_886,Girona
id_tec_887,Madrid
id_tec_888,Madrid
id_tec_889,Madrid
id_tec_890,Murcia
id_tec_891,100% remoto
id_tec_892,Madrid
id_tec_893,No especificado
id_tec_894,100% remoto
id_tec_895,Madrid
id_tec_896,Madrid
id_tec_897,Barcelona
id_tec_898,Madrid
id_tec_899,Madrid
id_tec_900,Valencia
id_tec_901,Málaga
id_tec_902,Barcelona
id_tec_903,Madrid
id_tec_904,Madrid
id_tec_905,Barcelona
id_tec_906,Madrid
id_tec_907,Madrid
id_tec_908,Madrid
id_tec_909,Madrid
id_tec_910,Valencia
id_tec_911,Madrid
id_tec_912,Barcelona
id_tec_913,Málaga
id_tec_914,Madrid
id_tec_915,Madrid
id_tec_916,Madrid
id_tec_917,Barcelona
id_tec_918,Córdoba
id_tec_919,Sevilla
id_tec_920,A Coruña
id_tec_921,Valencia
id_tec_922,Valencia
id_tec_923,Madrid
id_tec_924,100% remoto
id_tec_925,Polonia
id_tec_926,Madrid
id_tec_927,Madrid
id_tec_928,100% remoto
id_tec_929,Granada
id_tec_930,Málaga
id_tec_931,Sevilla
id_tec_932,Rep. De Macedonia
id_tec_933,Málaga
id_tec_934,Valencia
id_tec_935,Madrid
id_tec_936,100% remoto
id_tec_937,Polonia
id_tec_938,Madrid
id_tec_939,Madrid
id_tec_940,Teruel
id_tec_941,Madrid
id_tec_942,Barcelona
id_tec_943,Madrid
id_tec_944,100% remoto
id_tec_945,Bizkaia
id_tec_946,Madrid
id_tec_947,Madrid
id_tec_948,Málaga
id_tec_949,Sevilla
id_tec_950,Madrid
id_tec_951,100% remoto
id_tec_952,Madrid
id_tec_953,100% remoto
id_tec_954,Málaga
id_tec_955,Madrid
id_tec_956,Madrid
id_tec_957,Madrid
id_tec_958,100% remoto
id_tec_959,Madrid
id_tec_960,Madrid
id_tec_961,100% remoto
id_tec_962,Valencia
id_tec_963,Madrid
id_tec_964,Madrid
id_tec_965,100% remoto
id_tec_966,Barcelona
id_tec_967,100% remoto
id_tec_968,100% remoto
id_tec_969,100% remoto
id_tec_970,Madrid
id_tec_971,Madrid
id_tec_972,Barcelona
id_tec_973,Madrid
id_tec_974,100% remoto
id_tec_975,Málaga
id_tec_976,Madrid
id_tec_977,100% remoto
id_tec_978,Madrid
id_tec_979,Bizkaia
id_tec_980,Barcelona
id_tec_981,Madrid
id_tec_982,100% remoto
id_tec_983,Madrid
id_tec_984,Madrid
id_tec_985,Madrid
id_tec_986,100% remoto
id_tec_987,Barcelona
id_tec_988,Madrid
id_tec_989,Madrid
id_tec_990,Madrid
id_tec_991,Madrid
id_tec_992,Málaga
id_tec_993,100% remoto
id_tec_994,Madrid
id_tec_995,100% remoto
id_tec_996,Girona
id_tec_997,Bizkaia
id_tec_998,Madrid
id_tec_999,Barcelona
id_tec_1000,Toledo
id_tec_1001,100% remoto
id_tec_1002,Barcelona
id_tec_1003,100% remoto
id_tec_1004,100% remoto
id_tec_1005,100% remoto
id_tec_1006,Madrid
id_tec_1007,Madrid
id_tec_1008,Madrid
id_tec_1009,100% remoto
id_tec_1010,Valencia
id_tec_1011,100% remoto
id_tec_1012,A Coruña
id_tec_1013,A Coruña
id_tec_1014,100% remoto
id_tec_1015,Barcelona
id_tec_1016,Barcelona
id_tec_1017,100% remoto
id_tec_1018,Barcelona
id_tec_1019,Polonia
id_tec_1020,Madrid
id_tec_1021,Barcelona
id_tec_1022,Madrid
id_tec_1023,Madrid
id_tec_1024,100% remoto
id_tec_1025,Madrid
id_tec_1026,Madrid
id_tec_1027,100% remoto
id_tec_1028,Madrid
id_tec_1029,Gipuzkoa
id_tec_1030,Madrid
id_tec_1031,Polonia
id_tec_1032,Malta
id_tec_1033,Madrid
id_tec_1034,Madrid
id_tec_1035,Madrid
id_tec_1036,Madrid
id_tec_1037,Bizkaia
id_tec_1038,Barcelona
id_tec_1039,Madrid
id_tec_1040,100% remoto
id_tec_1041,Rep. De Macedonia
id_tec_1042,Madrid
id_tec_1043,Madrid
id_tec_1044,Madrid
id_tec_1045,Madrid
id_tec_1046,100% remoto
id_tec_1047,Madrid
id_tec_1048,Barcelona
id_tec_1049,100% remoto
id_tec_1050,Andorra La Vella
id_tec_1051,Madrid
id_tec_1052,Madrid
id_tec_1053,Madrid
id_tec_1054,Madrid
id_tec_1055,Madrid
id_tec_1056,Madrid
id_tec_1057,Barcelona
id_tec_1058,100% remoto
id_tec_1059,100% remoto
id_tec_1060,Valencia
id_tec_1061,Madrid
id_tec_1062,100% remoto
id_tec_1063,100% remoto
id_tec_1064,Madrid
id_tec_1065,Badajoz
id_tec_1066,Barcelona
id_tec_1067,Cantabria
id_tec_1068,Madrid
id_tec_1069,Madrid
id_tec_1070,100% remoto
id_tec_1071,Madrid
id_tec_1072,Barcelona
id_tec_1073,Madrid
id_tec_1074,Madrid
id_tec_1075,Madrid
id_tec_1076,Madrid
id_tec_1077,100% remoto
id_tec_1078,Bizkaia
id_tec_1079,Málaga
id_tec_1080,Gipuzkoa
id_tec_1081,100% remoto
id_tec_1082,Zaragoza
id_tec_1083,Madrid
id_tec_1084,100% remoto
id_tec_1085,100% remoto
id_tec_1086,Zaragoza
id_tec_1087,Madrid
id_tec_1088,100% remoto
id_tec_1089,100% remoto
id_tec_1090,Barcelona
id_tec_1091,Madrid
id_tec_1092,100% remoto
id_tec_1093,Rep. De Macedonia
id_tec_1094,100% remoto
id_tec_1095,Barcelona
id_tec_1096,Madrid
id_tec_1097,100% remoto
id_tec_1098,Madrid
id_tec_1099,100% remoto
id_tec_1100,Barcelona
id_tec_1101,Huelva
id_tec_1102,Madrid
id_tec_1103,Barcelona
id_tec_1104,Barcelona
id_tec_1105,Málaga
id_tec_1106,Madrid
id_tec_1107,Barcelona
id_tec_1108,100% remoto
id_tec_1109,Malta
id_tec_1110,100% remoto
id_tec_1111,Valencia
id_tec_1112,100% remoto
id_tec_1113,Barcelona
id_tec_1114,Madrid
id_tec_1115,Madrid
id_tec_1116,100% remoto
id_tec_1117,Madrid
id_tec_1118,100% remoto
id_tec_1119,Madrid
id_tec_1120,Madrid
id_tec_1121,Zaragoza
id_tec_1122,Barcelona
id_tec_1123,Barcelona
id_tec_1124,Álava
id_tec_1125,Valencia
id_tec_1126,Madrid
id_tec_1127,Girona
id_tec_1128,Sevilla
id_tec_1129,Baleares
id_tec_1130,Barcelona
id_tec_1131,Madrid
id_tec_1132,Madrid
id_tec_1133,Madrid
id_tec_1134,Barcelona
id_tec_1135,Madrid
id_tec_1136,Madrid
id_tec_1137,Madrid
id_tec_1138,London
id_tec_1139,London
id_tec_1140,Málaga
id_tec_1141,Valencia
id_tec_1142,Madrid
id_tec_1143,100% remoto
id_tec_1144,Valencia
id_tec_1145,100% remoto
id_tec_1146,Barcelona
id_tec_1147,Barcelona
id_tec_1148,Navarra
id_tec_1149,Madrid
id_tec_1150,Bizkaia
id_tec_1151,La Rioja
id_tec_1152,Valencia
id_tec_1153,Zaragoza
id_tec_1154,Zaragoza
id_tec_1155,100% remoto
id_tec_1156,Madrid
id_tec_1157,Madrid
id_tec_1158,100% remoto
id_tec_1159,Barcelona
id_tec_1160,Madrid
id_tec_1161,Madrid
id_tec_1162,Gipuzkoa
id_tec_1163,Madrid
id_tec_1164,Madrid
id_tec_1165,100% remoto
id_tec_1166,Madrid
id_tec_1167,Barcelona
id_tec_1168,Navarra
id_tec_1169,Madrid
id_tec_1170,Málaga
id_tec_1171,100% remoto
id_tec_1172,Bulgaria
id_tec_1173,100% remoto
id_tec_1174,Madrid
id_tec_1175,Barcelona
id_tec_1176,100% remoto
id_tec_1177,Barcelona
id_tec_1178,100% remoto
id_tec_1179,100% remoto
id_tec_1180,Barcelona
id_tec_1181,London
id_tec_1182,Madrid
id_tec_1183,100% remoto
id_tec_1184,Rep. De Macedonia
id_tec_1185,Barcelona
id_tec_1186,Madrid
id_tec_1187,Córdoba
id_tec_1188,Madrid
id_tec_1189,100% remoto
id_tec_1190,Castellón
id_tec_1191,Girona
id_tec_1192,Barcelona
id_tec_1193,Bizkaia
id_tec_1194,Barcelona
id_tec_1195,Madrid
id_tec_1196,Madrid
id_tec_1197,Barcelona
id_tec_1198,Gipuzkoa
id_tec_1199,Madrid
id_tec_1200,Barcelona
id_tec_1201,Alicante
id_tec_1202,Ciudad Real
id_tec_1203,Sevilla
id_tec_1204,Madrid
id_tec_1205,Madrid
id_tec_1206,Madrid
id_tec_1207,Navarra
id_tec_1208,Madrid
id_tec_1209,Polonia
id_tec_1210,Polonia
id_tec_1211,Valencia
id_tec_1212,100% remoto
id_tec_1213,Madrid
id_tec_1214,100% remoto
id_tec_1215,Málaga
id_tec_1216,Polonia
id_tec_1217,Madrid
id_tec_1218,Madrid
id_tec_1219,Madrid
id_tec_1220,Madrid
id_tec_1221,Madrid
id_tec_1222,Madrid
id_tec_1223,100% remoto
id_tec_1224,Madrid
id_tec_1225,100% remoto
id_tec_1226,Madrid
id_tec_1227,100% remoto
id_tec_1228,100% remoto
id_tec_1229,Alicante
id_tec_1230,Málaga
id_tec_1231,100% remoto
id_tec_1232,100% remoto
id_tec_1233,Madrid
id_tec_1234,Burgos
id_tec_1235,100% remoto
id_tec_1236,100% remoto
id_tec_1237,100% remoto
id_tec_1238,Barcelona
id_tec_1239,Barcelona
id_tec_1240,100% remoto
id_tec_1241,Málaga
id_tec_1242,Madrid
id_tec_1243,Gipuzkoa
id_tec_1244,Málaga
id_tec_1245,Zaragoza
id_tec_1246,Bizkaia
id_tec_1247,Madrid
id_tec_1248,Madrid
id_tec_1249,Pontevedra
id_tec_1250,Madrid
id_tec_1251,Madrid
id_tec_1252,100% remoto
id_tec_1253,Andorra La Vella
id_tec_1254,Bizkaia
id_tec_1255,100% remoto
id_tec_1256,100% remoto
id_tec_1257,Madrid
id_tec_1258,100% remoto
id_tec_1259,Madrid
id_tec_1260,Bizkaia
id_tec_1261,Barcelona
id_tec_1262,100% remoto
id_tec_1263,Sevilla
id_tec_1264,Málaga
id_tec_1265,Madrid
id_tec_1266,100% remoto
id_tec_1267,Madrid
id_tec_1268,Madrid
id_tec_1269,Barcelona
id_tec_1270,Gipuzkoa
id_tec_1271,Madrid
id_tec_1272,100% remoto
id_tec_1273,Madrid
id_tec_1274,Madrid
id_tec_1275,Madrid
id_tec_1276,Madrid
id_tec_1277,Madrid
id_tec_1278,Madrid
id_tec_1279,Madrid
id_tec_1280,Madrid
id_tec_1281,Madrid
id_tec_1282,100% remoto
id_tec_1283,Madrid
id_tec_1284,100% remoto
id_tec_1285,Barcelona
id_tec_1286,Madrid
id_tec_1287,Madrid
id_tec_1288,Jaén
id_tec_1289,Zaragoza
id_tec_1290,Madrid
id_tec_1291,Barcelona
id_tec_1292,Madrid
id_tec_1293,Sevilla
id_tec_1294,La Rioja
id_tec_1295,Granada
id_tec_1296,Madrid
id_tec_1297,Málaga
id_tec_1298,100% remoto
id_tec_1299,100% remoto
id_tec_1300,Cantabria
id_tec_1301,Madrid
id_tec_1302,Gipuzkoa
id_tec_1303,No especificado
id_tec_1304,100% remoto
id_tec_1305,Madrid
id_tec_1306,Cantabria
id_tec_1307,Pontevedra
id_tec_1308,100% remoto
id_tec_1309,Madrid
id_tec_1310,Barcelona
id_tec_1311,Málaga
id_tec_1312,Madrid
id_tec_1313,Madrid
id_tec_1314,Madrid
id_tec_1315,100% remoto
id_tec_1316,Madrid
id_tec_1317,100% remoto
id_tec_1318,Málaga
id_tec_1319,No especificado
id_tec_1320,Barcelona
id_tec_1321,Málaga
id_tec_1322,100% remoto
id_tec_1323,Madrid
id_tec_1324,Málaga
id_tec_1325,Sevilla
id_tec_1326,Barcelona
id_tec_1327,100% remoto
id_tec_1328,Barcelona
id_tec_1329,Madrid
id_tec_1330,100% remoto
id_tec_1331,Barcelona
id_tec_1332,Madrid
id_tec_1333,Burgos
id_tec_1334,Madrid
id_tec_1335,100% remoto
id_tec_1336,100% remoto
id_tec_1337,Sevilla
id_tec_1338,Lleida
id_tec_1339,Madrid
id_tec_1340,Madrid
id_tec_1341,Madrid
id_tec_1342,Madrid
id_tec_1343,Málaga
id_tec_1344,Valencia
id_tec_1345,100% remoto
id_tec_1346,Madrid
id_tec_1347,Madrid
id_tec_1348,Madrid
id_tec_1349,Rep. De Macedonia
id_tec_1350,Madrid
id_tec_1351,Barcelona
id_tec_1352,No especificado
id_tec_1353,Gipuzkoa
id_tec_1354,Barcelona
id_tec_1355,100% remoto
id_tec_1356,Madrid
id_tec_1357,No especificado
id_tec_1358,Barcelona
id_tec_1359,Madrid
id_tec_1360,Madrid
id_tec_1361,Madrid
id_tec_1362,Barcelona
id_tec_1363,100% remoto
id_tec_1364,Zaragoza
id_tec_1365,Madrid
id_tec_1366,Rep. De Macedonia
id_tec_1367,100% remoto
id_tec_1368,100% remoto
id_tec_1369,Barcelona
id_tec_1370,Barcelona
id_tec_1371,Barcelona
id_tec_1372,Madrid
id_tec_1373,100% remoto
id_tec_1374,Madrid
id_tec_1375,London
id_tec_1376,Barcelona
id_tec_1377,Madrid
id_tec_1378,Madrid
id_tec_1379,Madrid
id_tec_1380,Barcelona
id_tec_1381,Madrid
id_tec_1382,Alicante
id_tec_1383,100% remoto
id_tec_1384,Madrid
id_tec_1385,Madrid
id_tec_1386,Barcelona
id_tec_1387,Madrid
id_tec_1388,Tarragona
id_tec_1389,Barcelona
id_tec_1390,Barcelona
id_tec_1391,Málaga
id_tec_1392,100% remoto
id_tec_1393,Madrid
id_tec_1394,Madrid
id_tec_1395,100% remoto
id_tec_1396,Madrid
id_tec_1397,Madrid
id_tec_1398,Madrid
id_tec_1399,Madrid
id_tec_1400,Barcelona
id_tec_1401,Valencia
id_tec_1402,Madrid
id_tec_1403,Madrid
id_tec_1404,Barcelona
id_tec_1405,Málaga
id_tec_1406,Valencia
id_tec_1407,100% remoto
id_tec_1408,Barcelona
id_tec_1409,100% remoto
id_tec_1410,Madrid
id_tec_1411,Madrid
id_tec_1412,Madrid
id_tec_1413,Madrid
id_tec_1414,Madrid
id_tec_1415,Madrid
id_tec_1416,Madrid
id_tec_1417,Madrid
id_tec_1418,100% remoto
id_tec_1419,Madrid
id_tec_1420,Madrid
id_tec_1421,Bulgaria
id_tec_1422,Bulgaria
id_tec_1423,100% remoto
id_tec_1424,100% remoto
id_tec_1425,100% remoto
id_tec_1426,Polonia
id_tec_1427,Málaga
id_tec_1428,Madrid
id_tec_1429,Madrid
id_tec_1430,100% remoto
id_tec_1431,Barcelona
id_tec_1432,Madrid
id_tec_1433,Madrid
id_tec_1434,Madrid
id_tec_1435,Málaga
id_tec_1436,100% remoto
id_tec_1437,Madrid
id_tec_1438,Málaga
id_tec_1439,100% remoto
id_tec_1440,Polonia
id_tec_1441,100% remoto
id_tec_1442,Madrid
id_tec_1443,100% remoto
id_tec_1444,Pontevedra
id_tec_1445,Bizkaia
id_tec_1446,Madrid
id_tec_1447,Bizkaia
id_tec_1448,Barcelona
id_tec_1449,Málaga
id_tec_1450,Madrid
id_tec_1451,Málaga
id_tec_1452,100% remoto
id_tec_1453,Zaragoza
id_tec_1454,Barcelona
id_tec_1455,Barcelona
id_tec_1456,100% remoto
id_tec_1457,Madrid
id_tec_1458,Barcelona
id_tec_1459,Madrid
id_tec_1460,Zaragoza
id_tec_1461,Madrid
id_tec_1462,Bizkaia
id_tec_1463,100% remoto
id_tec_1464,100% remoto
id_tec_1465,Barcelona
id_tec_1466,100% remoto
id_tec_1467,100% remoto
id_tec_1468,Bulgaria
id_tec_1469,Barcelona
id_tec_1470,Madrid
id_tec_1471,Madrid
id_tec_1472,100% remoto
id_tec_1473,Madrid
id_tec_1474,Madrid
id_tec_1475,Madrid
id_tec_1476,Málaga
id_tec_1477,100% remoto
id_tec_1478,100% remoto
id_tec_1479,100% remoto
id_tec_1480,Málaga
id_tec_1481,Madrid
id_tec_1482,Madrid
id_tec_1483,100% remoto
id_tec_1484,Madrid
id_tec_1485,100% remoto
id_tec_1486,Madrid
id_tec_1487,Zaragoza
id_tec_1488,100% remoto
id_tec_1489,100% remoto
id_tec_1490,Madrid
id_tec_1491,Barcelona
id_tec_1492,Valencia
id_tec_1493,Málaga
id_tec_1494,Málaga
id_tec_1495,100% remoto
id_tec_1496,Málaga
id_tec_1497,100% remoto
id_tec_1498,Málaga
id_tec_1499,Málaga
id_tec_1500,Madrid
id_tec_1501,Barcelona
id_tec_1502,Barcelona
id_tec_1503,100% remoto
id_tec_1504,Madrid
id_tec_1505,Madrid
id_tec_1506,Valladolid
id_tec_1507,Madrid
id_tec_1508,Madrid
id_tec_1509,Polonia
id_tec_1510,Valladolid
id_tec_1511,Madrid
id_tec_1512,Sevilla
id_tec_1513,Madrid
id_tec_1514,Málaga
id_tec_1515,Madrid
id_tec_1516,Madrid
id_tec_1517,Málaga
id_tec_1518,100% remoto
id_tec_1519,Málaga
id_tec_1520,Madrid
id_tec_1521,Madrid
id_tec_1522,Madrid
id_tec_1523,Madrid
id_tec_1524,Madrid
id_tec_1525,Madrid
id_tec_1526,Sevilla
id_tec_1527,Bizkaia
id_tec_1528,Madrid
id_tec_1529,100% remoto
id_tec_1530,No especificado
id_tec_1531,Madrid
id_tec_1532,Madrid
id_tec_1533,Málaga
id_tec_1534,Málaga
id_tec_1535,La Rioja
id_tec_1536,100% remoto
id_tec_1537,Valencia
id_tec_1538,Madrid
id_tec_1539,100% remoto
id_tec_1540,Málaga
id_tec_1541,Barcelona
id_tec_1542,Barcelona
id_tec_1543,Madrid
id_tec_1544,Madrid
id_tec_1545,Madrid
id_tec_1546,Badajoz
id_tec_1547,No especificado
id_tec_1548,Madrid
id_tec_1549,Zaragoza
id_tec_1550,100% remoto
id_tec_1551,Madrid
id_tec_1552,100% remoto
id_tec_1553,Madrid
id_tec_1554,Rep. De Macedonia
id_tec_1555,Malta
id_tec_1556,100% remoto
id_tec_1557,Gipuzkoa
id_tec_1558,Zaragoza
id_tec_1559,No especificado
id_tec_1560,Madrid
id_tec_1561,100% remoto
id_tec_1562,Zaragoza
id_tec_1563,100% remoto
id_tec_1564,Almería
id_tec_1565,Barcelona
id_tec_1566,Barcelona
id_tec_1567,Bulgaria
id_tec_1568,Rep. De Macedonia
id_tec_1569,Rep. De Macedonia
id_tec_1570,Madrid
id_tec_1571,Madrid
id_tec_1572,Madrid
id_tec_1573,100% remoto
id_tec_1574,Madrid
id_tec_1575,100% remoto
id_tec_1576,Madrid
id_tec_1577,Madrid
id_tec_1578,Madrid
id_tec_1579,Madrid
id_tec_1580,100% remoto
id_tec_1581,Madrid
id_tec_1582,Madrid
id_tec_1583,Málaga
id_tec_1584,Madrid
id_tec_1585,Barcelona
id_tec_1586,Madrid
id_tec_1587,Málaga
id_tec_1588,Lleida
id_tec_1589,Barcelona
id_tec_1590,Madrid
id_tec_1591,100% remoto
id_tec_1592,100% remoto
id_tec_1593,Madrid
id_tec_1594,Madrid
id_tec_1595,100% remoto
id_tec_1596,Madrid
id_tec_1597,Madrid
id_tec_1598,Madrid
id_tec_1599,100% remoto
id_tec_1600,Madrid
id_tec_1601,Málaga
id_tec_1602,Madrid
id_tec_1603,100% remoto
id_tec_1604,Madrid
id_tec_1605,Madrid
id_tec_1606,Madrid
id_tec_1607,No especificado
id_tec_1608,Madrid
id_tec_1609,100% remoto
id_tec_1610,Madrid
id_tec_1611,Madrid
id_tec_1612,Madrid
id_tec_1613,A Coruña
id_tec_1614,Valladolid
id_tec_1615,Madrid
id_tec_1616,Madrid
id_tec_1617,Valladolid
id_tec_1618,Zaragoza
id_tec_1619,Madrid
id_tec_1620,Madrid
id_tec_1621,Rep. De Macedonia
id_tec_1622,Badajoz
id_tec_1623,Madrid
id_tec_1624,Barcelona
id_tec_1625,Zaragoza
id_tec_1626,Madrid
id_tec_1627,Madrid
id_tec_1628,Barcelona
id_tec_1629,Madrid
id_tec_1630,Barcelona
id_tec_1631,Madrid
id_tec_1632,Madrid
id_tec_1633,Madrid
id_tec_1634,Madrid
id_tec_1635,Bizkaia
id_tec_1636,Castellón
id_tec_1637,Barcelona
id_tec_1638,Barcelona
id_tec_1639,Madrid
id_tec_1640,Madrid
id_tec_1641,Álava
id_tec_1642,Madrid
id_tec_1643,Sevilla
id_tec_1644,Madrid
id_tec_1645,100% remoto
id_tec_1646,Madrid
id_tec_1647,Sevilla
id_tec_1648,Barcelona
id_tec_1649,Madrid
id_tec_1650,Barcelona
id_tec_1651,Madrid
id_tec_1652,Bizkaia
id_tec_1653,100% remoto
id_tec_1654,100% remoto
id_tec_1655,Madrid
id_tec_1656,Madrid
id_tec_1657,Madrid
id_tec_1658,Madrid
id_tec_1659,Barcelona
id_tec_1660,No especificado
id_tec_1661,Sevilla
id_tec_1662,Pontevedra
id_tec_1663,Madrid
id_tec_1664,Madrid
id_tec_1665,Madrid
id_tec_1666,100% remoto
id_tec_1667,Sevilla
id_tec_1668,Rep. De Macedonia
id_tec_1669,Barcelona
id_tec_1670,Madrid
id_tec_1671,Madrid
id_tec_1672,100% remoto
id_tec_1673,Madrid
id_tec_1674,Barcelona
id_tec_1675,Barcelona
id_tec_1676,100% remoto
id_tec_1677,No especificado
id_tec_1678,Madrid
id_tec_1679,London
id_tec_1680,Barcelona
id_tec_1681,A Coruña
id_tec_1682,Barcelona
id_tec_1683,London
id_tec_1684,Barcelona
id_tec_1685,Madrid
id_tec_1686,Madrid
id_tec_1687,Valladolid
id_tec_1688,100% remoto
id_tec_1689,Madrid
id_tec_1690,Barcelona
id_tec_1691,100% remoto
id_tec_1692,No especificado
id_tec_1693,Barcelona
id_tec_1694,Barcelona
id_tec_1695,No especificado
id_tec_1696,Madrid
id_tec_1697,Madrid
id_tec_1698,Madrid
id_tec_1699,Madrid
id_tec_1700,Madrid
id_tec_1701,Barcelona
id_tec_1702,Madrid
id_tec_1703,100% remoto
id_tec_1704,Bizkaia
id_tec_1705,Madrid
id_tec_1706,Valencia
id_tec_1707,Barcelona
id_tec_1708,100% remoto
id_tec_1709,Madrid
id_tec_1710,Valladolid
id_tec_1711,Madrid
id_tec_1712,Bizkaia
id_tec_1713,Málaga
id_tec_1714,Madrid
id_tec_1715,Madrid
id_tec_1716,Valencia
id_tec_1717,Barcelona
id_tec_1718,Málaga
id_tec_1719,Madrid
id_tec_1720,100% remoto
id_tec_1721,100% remoto
id_tec_1722,Madrid
id_tec_1723,Castellón
id_tec_1724,Alicante
id_tec_1725,Madrid
id_tec_1726,Segovia
id_tec_1727,Madrid
id_tec_1728,100% remoto
id_tec_1729,100% remoto
id_tec_1730,100% remoto
id_tec_1731,Madrid
id_tec_1732,Madrid
id_tec_1733,Madrid
id_tec_1734,100% remoto
id_tec_1735,100% remoto
id_tec_1736,Valencia
id_tec_1737,Madrid
id_tec_1738,Madrid
id_tec_1739,Barcelona
id_tec_1740,Madrid
id_tec_1741,Madrid
id_tec_1742,Málaga
id_tec_1743,Girona
id_tec_1744,Gipuzkoa
id_tec_1745,Gipuzkoa
id_tec_1746,Barcelona
id_tec_1747,100% remoto
id_tec_1748,Madrid
id_tec_1749,Madrid
id_tec_1750,Málaga
id_tec_1751,Málaga
id_tec_1752,Barcelona
id_tec_1753,Madrid
id_tec_1754,Madrid
id_tec_1755,Barcelona
id_tec_1756,Baleares
id_tec_1757,Madrid
id_tec_1758,Barcelona
id_tec_1759,100% remoto
id_tec_1760,Madrid
id_tec_1761,Málaga
id_tec_1762,100% remoto
id_tec_1763,Tarragona
id_tec_1764,100% remoto
id_tec_1765,Bizkaia
id_tec_1766,100% remoto
id_tec_1767,Madrid
id_tec_1768,Barcelona
id_tec_1769,Las Palmas De Gran Canaria
id_tec_1770,100% remoto
id_tec_1771,Madrid
id_tec_1772,Barcelona
id_tec_1773,Alicante
id_tec_1774,Madrid
id_tec_1775,Madrid
id_tec_1776,Madrid
id_tec_1777,Madrid
id_tec_1778,Valencia
id_tec_1779,Madrid
id_tec_1780,Barcelona
id_tec_1781,Madrid
id_tec_1782,Madrid
id_tec_1783,Madrid
id_tec_1784,100% remoto
id_tec_1785,Madrid
id_tec_1786,Barcelona
id_tec_1787,Barcelona
id_tec_1788,Madrid
id_tec_1789,Madrid
id_tec_1790,Madrid
id_tec_1791,Madrid
id_tec_1792,Madrid
id_tec_1793,Valencia
id_tec_1794,Madrid
id_tec_1795,100% remoto
id_tec_1796,Barcelona
id_tec_1797,Madrid
id_tec_1798,100% remoto
id_tec_1799,Barcelona
id_tec_1800,Badajoz
id_tec_1801,Valencia
id_tec_1802,Málaga
id_tec_1803,Madrid
id_tec_1804,Barcelona
id_tec_1805,Valencia
id_tec_1806,Madrid
id_tec_1807,Madrid
id_tec_1808,Barcelona
id_tec_1809,Barcelona
id_tec_1810,Málaga
id_tec_1811,Barcelona
id_tec_1812,Madrid
id_tec_1813,Barcelona
id_tec_1814,Madrid
id_tec_1815,Madrid
id_tec_1816,100% remoto
id_tec_1817,100% remoto
id_tec_1818,Barcelona
id_tec_1819,Madrid
id_tec_1820,100% remoto
id_tec_1821,Madrid
id_tec_1822,Málaga
id_tec_1823,Sevilla
id_tec_1824,Las Palmas De Gran Canaria
id_tec_1825,Madrid
id_tec_1826,Valencia
id_tec_1827,100% remoto
id_tec_1828,Barcelona
id_tec_1829,Madrid
id_tec_1830,Madrid
id_tec_1831,100% remoto
id_tec_1832,Málaga
id_tec_1833,Barcelona
id_tec_1834,Madrid
id_tec_1835,Baleares
id_tec_1836,Madrid
id_tec_1837,Barcelona
id_tec_1838,Madrid
id_tec_1839,Barcelona
id_tec_1840,Barcelona
id_tec_1841,Madrid
id_tec_1842,Madrid
id_tec_1843,Barcelona
id_tec_1844,Barcelona
id_tec_1845,Madrid
id_tec_1846,Madrid
id_tec_1847,Madrid
id_tec_1848,Sevilla
id_tec_1849,Asturias
id_tec_1850,Navarra
id_tec_1851,Madrid
id_tec_1852,Barcelona
id_tec_1853,Castellón
id_tec_1854,Barcelona
id_tec_1855,Madrid
id_tec_1856,Málaga
id_tec_1857,100% remoto
id_tec_1858,Málaga
id_tec_1859,100% remoto
id_tec_1860,Lugo
id_tec_1861,Barcelona
id_tec_1862,Barcelona
id_tec_1863,Madrid
id_tec_1864,Madrid
id_tec_1865,Barcelona
id_tec_1866,Alicante
id_tec_1867,Alicante
id_tec_1868,Barcelona
id_tec_1869,100% remoto
id_tec_1870,Valencia
id_tec_1871,Valencia
id_tec_1872,100% remoto
id_tec_1873,Barcelona
id_tec_1874,Gipuzkoa
id_tec_1875,Sevilla
id_tec_1876,Navarra
id_tec_1877,Barcelona
id_tec_1878,Córdoba
id_tec_1879,100% remoto
id_tec_1880,100% remoto
id_tec_1881,Barcelona
id_tec_1882,Valencia
id_tec_1883,Alicante
id_tec_1884,100% remoto
id_tec_1885,100% remoto
id_tec_1886,Madrid
id_tec_1887,Barcelona
id_tec_1888,Madrid
id_tec_1889,Madrid
id_tec_1890,Malta
id_tec_1891,Barcelona
id_tec_1892,Madrid
id_tec_1893,Madrid
id_tec_1894,Navarra
id_tec_1895,Madrid
id_tec_1896,Madrid
id_tec_1897,Barcelona
id_tec_1898,Barcelona
id_tec_1899,Barcelona
id_tec_1900,100% remoto
id_tec_1901,100% remoto
id_tec_1902,100% remoto
id_tec_1903,Madrid
id_tec_1904,Chipre
id_tec_1905,Valencia
id_tec_1906,Bizkaia
id_tec_1907,Madrid
id_tec_1908,Madrid
id_tec_1909,Navarra
id_tec_1910,100% remoto
id_tec_1911,100% remoto
id_tec_1912,Madrid
id_tec_1913,Bizkaia
id_tec_1914,Asturias
id_tec_1915,100% remoto
id_tec_1916,100% remoto
id_tec_1917,Barcelona
id_tec_1918,Madrid
id_tec_1919,Alicante
id_tec_1920,100% remoto
id_tec_1921,Madrid
id_tec_1922,100% remoto
id_tec_1923,Madrid
id_tec_1924,100% remoto
id_tec_1925,Madrid
id_tec_1926,Barcelona
id_tec_1927,Madrid
id_tec_1928,Madrid
id_tec_1929,Madrid
id_tec_1930,100% remoto
id_tec_1931,Madrid
id_tec_1932,Madrid
id_tec_1933,100% remoto
id_tec_1934,Madrid
id_tec_1935,Madrid
id_tec_1936,Málaga
id_tec_1937,Barcelona
id_tec_1938,Barcelona
id_tec_1939,100% remoto
id_tec_1940,Madrid
id_tec_1941,Barcelona
id_tec_1942,Madrid
id_tec_1943,Málaga
id_tec_1944,Madrid
id_tec_1945,Madrid
id_tec_1946,100% remoto
id_tec_1947,Bizkaia
id_tec_1948,100% remoto
id_tec_1949,Barcelona
id_tec_1950,Barcelona
id_tec_1951,Madrid
id_tec_1952,100% remoto
id_tec_1953,Barcelona
id_tec_1954,Asturias
id_tec_1955,100% remoto
id_tec_1956,Madrid
id_tec_1957,Madrid
id_tec_1958,Madrid
id_tec_1959,Madrid
id_tec_1960,Madrid
id_tec_1961,Madrid
id_tec_1962,100% remoto
id_tec_1963,Madrid
id_tec_1964,100% remoto
id_tec_1965,100% remoto
id_tec_1966,Cantabria
id_tec_1967,Madrid
id_tec_1968,Madrid
id_tec_1969,Barcelona
id_tec_1970,100% remoto
id_tec_1971,100% remoto
id_tec_1972,Madrid
id_tec_1973,Baleares
id_tec_1974,A Coruña
id_tec_1975,100% remoto
id_tec_1976,Madrid
id_tec_1977,Valencia
id_tec_1978,Madrid
id_tec_1979,Málaga
id_tec_1980,Barcelona
id_tec_1981,Gipuzkoa
id_tec_1982,Madrid
id_tec_1983,Barcelona
id_tec_1984,Madrid
id_tec_1985,Madrid
id_tec_1986,100% remoto
id_tec_1987,Bizkaia
id_tec_1988,Málaga
id_tec_1989,Barcelona
id_tec_1990,Madrid
id_tec_1991,Malta
id_tec_1992,Barcelona
id_tec_1993,Madrid
id_tec_1994,Madrid
id_tec_1995,Málaga
id_tec_1996,Madrid
id_tec_1997,Madrid
id_tec_1998,Málaga
id_tec_1999,Málaga
id_tec_2000,Polonia
id_tec_2001,100% remoto
id_tec_2002,Madrid
id_tec_2003,Barcelona
id_tec_2004,Madrid
id_tec_2005,Málaga
id_tec_2006,A Coruña
id_tec_2007,Zaragoza
id_tec_2008,Bizkaia
id_tec_2009,Madrid
id_tec_2010,Bizkaia
id_tec_2011,100% remoto
id_tec_2012,Valencia
id_tec_2013,Polonia
id_tec_2014,Madrid
id_tec_2015,100% remoto
id_tec_2016,Madrid
id_tec_2017,Madrid
id_tec_2018,Barcelona
id_tec_2019,Madrid
id_tec_2020,Madrid
id_tec_2021,Barcelona
id_tec_2022,Madrid
id_tec_2023,Barcelona
id_tec_2024,Málaga
id_tec_2025,Barcelona
id_tec_2026,100% remoto
id_tec_2027,Madrid
id_tec_2028,Madrid
id_tec_2029,Madrid
id_tec_2030,Barcelona
id_tec_2031,Madrid
id_tec_2032,Madrid
id_tec_2033,100% remoto
id_tec_2034,Madrid
id_tec_2035,Madrid
id_tec_2036,Madrid
id_tec_2037,Málaga
id_tec_2038,Málaga
id_tec_2039,Madrid
id_tec_2040,100% remoto
id_tec_2041,Madrid
id_tec_2042,Madrid
id_tec_2043,Alicante
id_tec_2044,Madrid
id_tec_2045,Madrid
id_tec_2046,Madrid
id_tec_2047,100% remoto
id_tec_2048,100% remoto
id_tec_2049,Málaga
id_tec_2050,Madrid
id_tec_2051,100% remoto
id_tec_2052,Gipuzkoa
id_tec_2053,Barcelona
id_tec_2054,100% remoto
id_tec_2055,Huelva
id_tec_2056,Valencia
id_tec_2057,Madrid
id_tec_2058,Barcelona
id_tec_2059,Polonia
id_tec_2060,Madrid
id_tec_2061,Pontevedra
id_tec_2062,Málaga
id_tec_2063,100% remoto
id_tec_2064,Rep. De Macedonia
id_tec_2065,Rep. De Macedonia
id_tec_2066,Polonia
id_tec_2067,Madrid
id_tec_2068,Gipuzkoa
id_tec_2069,Barcelona
id_tec_2070,No especificado
id_tec_2071,Bizkaia
id_tec_2072,Barcelona
id_tec_2073,Murcia
id_tec_2074,Barcelona
id_tec_2075,Madrid
id_tec_2076,Madrid
id_tec_2077,100% remoto
id_tec_2078,100% remoto
id_tec_2079,Barcelona
id_tec_2080,100% remoto
id_tec_2081,100% remoto
id_tec_2082,Madrid
id_tec_2083,A Coruña
id_tec_2084,100% remoto
id_tec_2085,Madrid
id_tec_2086,100% remoto
id_tec_2087,Valencia
id_tec_2088,Madrid
id_tec_2089,Málaga
id_tec_2090,Madrid
id_tec_2091,100% remoto
id_tec_2092,100% remoto
id_tec_2093,Madrid
id_tec_2094,100% remoto
id_tec_2095,100% remoto
id_tec_2096,Asturias
id_tec_2097,100% remoto
id_tec_2098,Madrid
id_tec_2099,Madrid
id_tec_2100,Madrid
id_tec_2101,Madrid
id_tec_2102,Madrid
id_tec_2103,Sevilla
id_tec_2104,Madrid
id_tec_2105,100% remoto
id_tec_2106,100% remoto
id_tec_2107,Pontevedra
id_tec_2108,Barcelona
id_tec_2109,Barcelona
id_tec_2110,La Rioja
id_tec_2111,Madrid
id_tec_2112,Valencia
id_tec_2113,Burgos
id_tec_2114,Polonia
id_tec_2115,Madrid
id_tec_2116,Valencia
id_tec_2117,Madrid
id_tec_2118,Valencia
id_tec_2119,Barcelona
id_tec_2120,Barcelona
id_tec_2121,Madrid
id_tec_2122,Pontevedra
id_tec_2123,100% remoto
id_tec_2124,Navarra
id_tec_2125,Barcelona
id_tec_2126,Tarragona
id_tec_2127,Madrid
id_tec_2128,Valencia
id_tec_2129,100% remoto
id_tec_2130,Castellón
id_tec_2131,London
id_tec_2132,100% remoto
id_tec_2133,Barcelona
id_tec_2134,Barcelona
id_tec_2135,Madrid
id_tec_2136,Madrid
id_tec_2137,Madrid
id_tec_2138,Barcelona
id_tec_2139,Madrid
id_tec_2140,Barcelona
id_tec_2141,100% remoto
id_tec_2142,Madrid
id_tec_2143,100% remoto
id_tec_2144,Gipuzkoa
id_tec_2145,Madrid
id_tec_2146,Barcelona
id_tec_2147,No especificado
id_tec_2148,Bizkaia
id_tec_2149,Valencia
id_tec_2150,100% remoto
id_tec_2151,Madrid
id_tec_2152,100% remoto
id_tec_2153,Barcelona
id_tec_2154,Barcelona
id_tec_2155,100% remoto
id_tec_2156,Madrid
id_tec_2157,Madrid
id_tec_2158,100% remoto
id_tec_2159,Madrid
id_tec_2160,Madrid
id_tec_2161,100% remoto
id_tec_2162,Sevilla
id_tec_2163,Madrid
id_tec_2164,Córdoba
id_tec_2165,Zaragoza
id_tec_2166,Gipuzkoa
id_tec_2167,Sevilla
id_tec_2168,100% remoto
id_tec_2169,Zaragoza
id_tec_2170,London
id_tec_2171,No especificado
id_tec_2172,Valencia
id_tec_2173,Córdoba
id_tec_2174,Zaragoza
id_tec_2175,Madrid
id_tec_2176,Madrid
id_tec_2177,Barcelona
id_tec_2178,Madrid
id_tec_2179,100% remoto
id_tec_2180,Madrid
id_tec_2181,Bizkaia
id_tec_2182,Madrid
id_tec_2183,100% remoto
id_tec_2184,Madrid
id_tec_2185,Barcelona
id_tec_2186,Madrid
id_tec_2187,Barcelona
id_tec_2188,Gipuzkoa
id_tec_2189,Sevilla
id_tec_2190,Toledo
id_tec_2191,Madrid
id_tec_2192,Madrid
id_tec_2193,Polonia
id_tec_2194,Bayern
id_tec_2195,Gipuzkoa
id_tec_2196,100% remoto
id_tec_2197,100% remoto
id_tec_2198,Madrid
id_tec_2199,100% remoto
id_tec_2200,Salamanca
id_tec_2201,100% remoto
id_tec_2202,Madrid
id_tec_2203,Madrid
id_tec_2204,Madrid
id_tec_2205,Madrid
id_tec_2206,Barcelona
id_tec_2207,Madrid
id_tec_2208,Gipuzkoa
id_tec_2209,Barcelona
id_tec_2210,100% remoto
id_tec_2211,100% remoto
id_tec_2212,Madrid
id_tec_2213,100% remoto
id_tec_2214,Madrid
id_tec_2215,Barcelona
id_tec_2216,Barcelona
id_tec_2217,Madrid
id_tec_2218,Málaga
id_tec_2219,100% remoto
id_tec_2220,Madrid
id_tec_2221,Gipuzkoa
id_tec_2222,Barcelona
id_tec_2223,Zaragoza
id_tec_2224,Barcelona
id_tec_2225,Oporto
id_tec_2226,Madrid
id_tec_2227,Tarragona
id_tec_2228,Álava
id_tec_2229,Barcelona
id_tec_2230,100% remoto
id_tec_2231,100% remoto
id_tec_2232,Barcelona
id_tec_2233,Barcelona
id_tec_2234,Madrid
id_tec_2235,100% remoto
id_tec_2236,Bizkaia
id_tec_2237,Madrid
id_tec_2238,Madrid
id_tec_2239,Madrid
id_tec_2240,Málaga
id_tec_2241,Málaga
id_tec_2242,100% remoto
id_tec_2243,Madrid
id_tec_2244,Málaga
id_tec_2245,Barcelona
id_tec_2246,Barcelona
id_tec_2247,Barcelona
id_tec_2248,Málaga
id_tec_2249,Madrid
id_tec_2250,Madrid
id_tec_2251,Madrid
id_tec_2252,100% remoto
id_tec_2253,Gipuzkoa
id_tec_2254,100% remoto
id_tec_2255,100% remoto
id_tec_2256,La Rioja
id_tec_2257,Madrid
id_tec_2258,Barcelona
id_tec_2259,Barcelona
id_tec_2260,Polonia
id_tec_2261,Zaragoza
id_tec_2262,Barcelona
id_tec_2263,Madrid
id_tec_2264,Madrid
id_tec_2265,Barcelona
id_tec_2266,Álava
id_tec_2267,Gipuzkoa
id_tec_2268,Madrid
id_tec_2269,100% remoto
id_tec_2270,Baleares
id_tec_2271,Barcelona
id_tec_2272,Barcelona
id_tec_2273,100% remoto
id_tec_2274,100% remoto
id_tec_2275,Madrid
id_tec_2276,100% remoto
id_tec_2277,Madrid
id_tec_2278,100% remoto
id_tec_2279,Madrid
id_tec_2280,Madrid
id_tec_2281,Madrid
id_tec_2282,100% remoto
id_tec_2283,Madrid
id_tec_2284,Madrid
id_tec_2285,Madrid
id_tec_2286,100% remoto
id_tec_2287,100% remoto
id_tec_2288,100% remoto
id_tec_2289,Madrid
id_tec_2290,100% remoto
id_tec_2291,Barcelona
id_tec_2292,Alicante
id_tec_2293,Madrid
id_tec_2294,Sevilla
id_tec_2295,Barcelona
id_tec_2296,Barcelona
id_tec_2297,Madrid
id_tec_2298,Malta
id_tec_2299,100% remoto
id_tec_2300,Barcelona
id_tec_2301,Granada
id_tec_2302,Bizkaia
id_tec_2303,100% remoto
id_tec_2304,100% remoto
id_tec_2305,Polonia
id_tec_2306,Sevilla
id_tec_2307,Madrid
id_tec_2308,Madrid
id_tec_2309,Cantabria
id_tec_2310,Barcelona
id_tec_2311,Polonia
id_tec_2312,Madrid
id_tec_2313,Valencia
id_tec_2314,Barcelona
id_tec_2315,Madrid
id_tec_2316,Barcelona
id_tec_2317,Madrid
id_tec_2318,Madrid
id_tec_2319,Barcelona
id_tec_2320,Bizkaia
id_tec_2321,Granada
id_tec_2322,Madrid
id_tec_2323,Barcelona
id_tec_2324,Madrid
id_tec_2325,London
id_tec_2326,Barcelona
id_tec_2327,Madrid
id_tec_2328,Madrid
id_tec_2329,Madrid
id_tec_2330,Barcelona
id_tec_2331,Madrid
id_tec_2332,Madrid
id_tec_2333,Navarra
id_tec_2334,Barcelona
id_tec_2335,Madrid
id_tec_2336,Madrid
id_tec_2337,Barcelona
id_tec_2338,Barcelona
id_tec_2339,Bizkaia
id_tec_2340,Valencia
id_tec_2341,Sevilla
id_tec_2342,Barcelona
id_tec_2343,100% remoto
id_tec_2344,Bizkaia
id_tec_2345,A Coruña
id_tec_2346,Barcelona
id_tec_2347,Barcelona
id_tec_2348,Madrid
id_tec_2349,Barcelona
id_tec_2350,Madrid
id_tec_2351,Madrid
id_tec_2352,Polonia
id_tec_2353,Barcelona
id_tec_2354,Madrid
id_tec_2355,100% remoto
id_tec_2356,Lleida
id_tec_2357,Polonia
id_tec_2358,Madrid
id_tec_2359,Bizkaia
id_tec_2360,Madrid
id_tec_2361,Sevilla
id_tec_2362,Barcelona
id_tec_2363,Madrid
id_tec_2364,100% remoto
id_tec_2365,Barcelona
id_tec_2366,Barcelona
id_tec_2367,100% remoto
id_tec_2368,Madrid
id_tec_2369,Madrid
id_tec_2370,100% remoto
id_tec_2371,Girona
id_tec_2372,Barcelona
id_tec_2373,Bizkaia
id_tec_2374,Zaragoza
id_tec_2375,Madrid
id_tec_2376,Madrid
id_tec_2377,Barcelona
id_tec_2378,Chipre
id_tec_2379,Madrid
id_tec_2380,Madrid
id_tec_2381,Madrid
id_tec_2382,Madrid
id_tec_2383,Madrid
id_tec_2384,Barcelona
id_tec_2385,Huesca
id_tec_2386,100% remoto
id_tec_2387,Madrid
id_tec_2388,Salamanca
id_tec_2389,Madrid
id_tec_2390,100% remoto
id_tec_2391,Madrid
id_tec_2392,Bizkaia
id_tec_2393,Madrid
id_tec_2394,Madrid
id_tec_2395,Madrid
id_tec_2396,Madrid
id_tec_2397,100% remoto
id_tec_2398,100% remoto
id_tec_2399,100% remoto
id_tec_2400,100% remoto
id_tec_2401,100% remoto
id_tec_2402,Asturias
id_tec_2403,Madrid
id_tec_2404,Madrid
id_tec_2405,Madrid
id_tec_2406,100% remoto
id_tec_2407,Madrid
id_tec_2408,Madrid
id_tec_2409,Madrid
id_tec_2410,Madrid
id_tec_2411,Madrid
id_tec_2412,Badajoz
id_tec_2413,Madrid
id_tec_2414,Madrid
id_tec_2415,Málaga
id_tec_2416,Madrid
id_tec_2417,Madrid
id_tec_2418,Madrid
id_tec_2419,London
id_tec_2420,Madrid
id_tec_2421,Baleares
id_tec_2422,Polonia
id_tec_2423,Bizkaia
id_tec_2424,Cantabria
id_tec_2425,100% remoto
id_tec_2426,La Rioja
id_tec_2427,Barcelona
id_tec_2428,Madrid
id_tec_2429,Alicante
id_tec_2430,Valencia
id_tec_2431,Barcelona
id_tec_2432,100% remoto
id_tec_2433,Madrid
id_tec_2434,Barcelona
id_tec_2435,100% remoto
id_tec_2436,100% remoto
id_tec_2437,Ciudad Real
id_tec_2438,Madrid
id_tec_2439,100% remoto
id_tec_2440,100% remoto
id_tec_2441,Barcelona
id_tec_2442,Madrid
id_tec_2443,Madrid
id_tec_2444,100% remoto
id_tec_2445,Madrid
id_tec_2446,Madrid
id_tec_2447,Madrid
id_tec_2448,100% remoto
id_tec_2449,100% remoto
id_tec_2450,Madrid
id_tec_2451,Madrid
id_tec_2452,100% remoto
id_tec_2453,100% remoto
id_tec_2454,Madrid
id_tec_2455,Barcelona
id_tec_2456,Madrid
id_tec_2457,Madrid
id_tec_2458,Madrid
id_tec_2459,Madrid
id_tec_2460,Barcelona
id_tec_2461,Valencia
id_tec_2462,Madrid
id_tec_2463,Barcelona
id_tec_2464,Madrid
id_tec_2465,Sevilla
id_tec_2466,Girona
id_tec_2467,Madrid
id_tec_2468,Gipuzkoa
id_tec_2469,Madrid
id_tec_2470,Madrid
id_tec_2471,Madrid
id_tec_2472,Madrid
id_tec_2473,Valencia
id_tec_2474,100% remoto
id_tec_2475,Madrid
id_tec_2476,100% remoto
id_tec_2477,Barcelona
id_tec_2478,Bizkaia
id_tec_2479,100% remoto
id_tec_2480,Barcelona
id_tec_2481,100% remoto
id_tec_2482,100% remoto
id_tec_2483,Valencia
id_tec_2484,100% remoto
id_tec_2485,Barcelona
id_tec_2486,100% remoto
id_tec_2487,100% remoto
id_tec_2488,Madrid
id_tec_2489,100% remoto
id_tec_2490,Ciudad Real
id_tec_2491,Madrid
id_tec_2492,Burgos
id_tec_2493,Barcelona
id_tec_2494,Tarragona
id_tec_2495,Madrid
id_tec_2496,Ciudad Real
id_tec_2497,100% remoto
id_tec_2498,Barcelona
id_tec_2499,Baleares
id_tec_2500,Madrid
id_tec_2501,Madrid
id_tec_2502,Madrid
id_tec_2503,Madrid
id_tec_2504,Barcelona
id_tec_2505,Navarra
id_tec_2506,Madrid
id_tec_2507,Madrid
id_tec_2508,Lleida
id_tec_2509,Madrid
id_tec_2510,Madrid
id_tec_2511,London
id_tec_2512,Barcelona
id_tec_2513,Madrid
id_tec_2514,Málaga
id_tec_2515,Madrid
id_tec_2516,Madrid
id_tec_2517,100% remoto
id_tec_2518,Madrid
id_tec_2519,Madrid
id_tec_2520,Madrid
id_tec_2521,100% remoto
id_tec_2522,Málaga
id_tec_2523,Madrid
id_tec_2524,100% remoto
id_tec_2525,Madrid
id_tec_2526,Barcelona
id_tec_2527,Madrid
id_tec_2528,100% remoto
id_tec_2529,Alicante
id_tec_2530,100% remoto
id_tec_2531,Madrid
id_tec_2532,A Coruña
id_tec_2533,100% remoto
id_tec_2534,Bizkaia
id_tec_2535,Barcelona
id_tec_2536,Las Palmas De Gran Canaria
id_tec_2537,La Rioja
id_tec_2538,Málaga
id_tec_2539,Barcelona
id_tec_2540,Madrid
id_tec_2541,100% remoto
id_tec_2542,100% remoto
id_tec_2543,Madrid
id_tec_2544,100% remoto
id_tec_2545,100% remoto
id_tec_2546,100% remoto
id_tec_2547,Madrid
id_tec_2548,100% remoto
id_tec_2549,Valencia
id_tec_2550,Madrid
id_tec_2551,100% remoto
id_tec_2552,100% remoto
id_tec_2553,Madrid
id_tec_2554,Madrid
id_tec_2555,Barcelona
id_tec_2556,100% remoto
id_tec_2557,Barcelona
id_tec_2558,Madrid
id_tec_2559,Madrid
id_tec_2560,Madrid
id_tec_2561,Madrid
id_tec_2562,Navarra
id_tec_2563,Barcelona
id_tec_2564,100% remoto
id_tec_2565,Madrid
id_tec_2566,Madrid
id_tec_2567,Madrid
id_tec_2568,Madrid
id_tec_2569,Alicante
id_tec_2570,Madrid
id_tec_2571,Bizkaia
id_tec_2572,Bizkaia
id_tec_2573,Madrid
id_tec_2574,Barcelona
id_tec_2575,Gipuzkoa
id_tec_2576,Madrid
id_tec_2577,Valencia
id_tec_2578,Madrid
id_tec_2579,Valladolid
id_tec_2580,La Rioja
id_tec_2581,Madrid
id_tec_2582,Polonia
id_tec_2583,Madrid
id_tec_2584,Álava
id_tec_2585,Zaragoza
id_tec_2586,Barcelona
id_tec_2587,Madrid
id_tec_2588,Madrid
id_tec_2589,Zaragoza
id_tec_2590,Madrid
id_tec_2591,Cantabria
id_tec_2592,London
id_tec_2593,Madrid
id_tec_2594,Alicante
id_tec_2595,Valencia
id_tec_2596,100% remoto
id_tec_2597,Madrid
id_tec_2598,100% remoto
id_tec_2599,Barcelona
id_tec_2600,Madrid
id_tec_2601,Sevilla
id_tec_2602,Barcelona
id_tec_2603,Bizkaia
id_tec_2604,Madrid
id_tec_2605,Barcelona
id_tec_2606,Madrid
id_tec_2607,Barcelona
id_tec_2608,Valencia
id_tec_2609,100% remoto
id_tec_2610,100% remoto
id_tec_2611,100% remoto
id_tec_2612,Madrid
id_tec_2613,Madrid
id_tec_2614,Madrid
id_tec_2615,Madrid
id_tec_2616,100% remoto
id_tec_2617,Madrid
id_tec_2618,100% remoto
id_tec_2619,100% remoto
id_tec_2620,Madrid
id_tec_2621,Madrid
id_tec_2622,Madrid
id_tec_2623,Madrid
id_tec_2624,Bulgaria
id_tec_2625,Barcelona
id_tec_2626,Cantabria
id_tec_2627,Baleares
id_tec_2628,Madrid
id_tec_2629,Valencia
id_tec_2630,100% remoto
id_tec_2631,Barcelona
id_tec_2632,Barcelona
id_tec_2633,Madrid
id_tec_2634,Madrid
id_tec_2635,Girona
id_tec_2636,Valencia
id_tec_2637,Barcelona
id_tec_2638,100% remoto
id_tec_2639,Granada
id_tec_2640,Barcelona
id_tec_2641,Polonia
id_tec_2642,Madrid
id_tec_2643,Madrid
id_tec_2644,Madrid
id_tec_2645,Madrid
id_tec_2646,Bizkaia
id_tec_2647,A Coruña
id_tec_2648,100% remoto
id_tec_2649,100% remoto
id_tec_2650,Madrid
id_tec_2651,Madrid
id_tec_2652,Barcelona
id_tec_2653,100% remoto
id_tec_2654,Zaragoza
id_tec_2655,Barcelona
id_tec_2656,Madrid
id_tec_2657,Barcelona
id_tec_2658,Barcelona
id_tec_2659,Sevilla
id_tec_2660,Asturias
id_tec_2661,Madrid
id_tec_2662,100% remoto
id_tec_2663,100% remoto
id_tec_2664,Madrid
id_tec_2665,Madrid
id_tec_2666,Pontevedra
id_tec_2667,Madrid
id_tec_2668,Madrid
id_tec_2669,Madrid
id_tec_2670,100% remoto
id_tec_2671,Madrid
id_tec_2672,100% remoto
id_tec_2673,Madrid
id_tec_2674,Gipuzkoa
id_tec_2675,Cantabria
id_tec_2676,Madrid
id_tec_2677,A Coruña
id_tec_2678,Segovia
id_tec_2679,Málaga
id_tec_2680,100% remoto
id_tec_2681,100% remoto
id_tec_2682,100% remoto
id_tec_2683,100% remoto
id_tec_2684,100% remoto
id_tec_2685,100% remoto
id_tec_2686,100% remoto
id_tec_2687,100% remoto
id_tec_2688,Barcelona
id_tec_2689,Madrid
id_tec_2690,Madrid
id_tec_2691,Madrid
id_tec_2692,Madrid
id_tec_2693,100% remoto
id_tec_2694,Valladolid
id_tec_2695,100% remoto
id_tec_2696,Madrid
id_tec_2697,Madrid
id_tec_2698,Madrid
id_tec_2699,Asturias
id_tec_2700,100% remoto
id_tec_2701,100% remoto
id_tec_2702,100% remoto
id_tec_2703,La Rioja
id_tec_2704,Madrid
id_tec_2705,Madrid
id_tec_2706,Madrid
id_tec_2707,Castellón
id_tec_2708,Zaragoza
id_tec_2709,100% remoto
id_tec_2710,Segovia
id_tec_2711,100% remoto
id_tec_2712,100% remoto
id_tec_2713,Madrid
id_tec_2714,Madrid
id_tec_2715,100% remoto
id_tec_2716,100% remoto
id_tec_2717,Madrid
id_tec_2718,Badajoz
id_tec_2719,Madrid
id_tec_2720,Madrid
id_tec_2721,100% remoto
id_tec_2722,No especificado
id_tec_2723,100% remoto
id_tec_2724,Madrid
id_tec_2725,Barcelona
id_tec_2726,Barcelona
id_tec_2727,Barcelona
id_tec_2728,Madrid
id_tec_2729,Bizkaia
id_tec_2730,Barcelona
id_tec_2731,Madrid
id_tec_2732,Madrid
id_tec_2733,Asturias
id_tec_2734,Madrid
id_tec_2735,Madrid
id_tec_2736,Madrid
id_tec_2737,Madrid
id_tec_2738,Valencia
id_tec_2739,Gipuzkoa
id_tec_2740,100% remoto
id_tec_2741,Bizkaia
id_tec_2742,100% remoto
id_tec_2743,Madrid
id_tec_2744,Palencia
id_tec_2745,Bizkaia
id_tec_2746,Barcelona
id_tec_2747,100% remoto
id_tec_2748,Madrid
id_tec_2749,Madrid
id_tec_2750,Madrid
id_tec_2751,Barcelona
id_tec_2752,Bizkaia
id_tec_2753,Barcelona
id_tec_2754,Valencia
id_tec_2755,Madrid
id_tec_2756,Madrid
id_tec_2757,Málaga
id_tec_2758,100% remoto
id_tec_2759,100% remoto
id_tec_2760,Madrid
id_tec_2761,Madrid
id_tec_2762,Madrid
id_tec_2763,Las Palmas De Gran Canaria
id_tec_2764,Barcelona
id_tec_2765,Madrid
id_tec_2766,Madrid
id_tec_2767,Gipuzkoa
id_tec_2768,100% remoto
id_tec_2769,Valencia
id_tec_2770,Madrid
id_tec_2771,Madrid
id_tec_2772,Madrid
id_tec_2773,Gipuzkoa
id_tec_2774,Barcelona
id_tec_2775,Barcelona
id_tec_2776,100% remoto
id_tec_2777,100% remoto
id_tec_2778,Madrid
id_tec_2779,Madrid
id_tec_2780,Madrid
id_tec_2781,100% remoto
id_tec_2782,100% remoto
id_tec_2783,Madrid
id_tec_2784,Madrid
id_tec_2785,Madrid
id_tec_2786,100% remoto
id_tec_2787,Barcelona
id_tec_2788,Lleida
id_tec_2789,100% remoto
id_tec_2790,Sevilla
id_tec_2791,Madrid
id_tec_2792,Zaragoza
id_tec_2793,Madrid
id_tec_2794,Zaragoza
id_tec_2795,Madrid
id_tec_2796,A Coruña
id_tec_2797,Madrid
id_tec_2798,100% remoto
id_tec_2799,100% remoto
id_tec_2800,100% remoto
id_tec_2801,Valencia
id_tec_2802,Madrid
id_tec_2803,Valencia
id_tec_2804,100% remoto
id_tec_2805,Barcelona
id_tec_2806,Madrid
id_tec_2807,Madrid
id_tec_2808,Madrid
id_tec_2809,Madrid
id_tec_2810,Madrid
id_tec_2811,Valencia
id_tec_2812,Madrid
id_tec_2813,Valencia
id_tec_2814,Madrid
id_tec_2815,Bizkaia
id_tec_2816,Valencia
id_tec_2817,100% remoto
id_tec_2818,100% remoto
id_tec_2819,Valencia
id_tec_2820,Valencia
id_tec_2821,100% remoto
id_tec_2822,Valencia
id_tec_2823,Valencia
id_tec_2824,Valencia
id_tec_2825,100% remoto
id_tec_2826,100% remoto
id_tec_2827,Valencia
id_tec_2828,Valencia
id_tec_2829,Barcelona
id_tec_2830,100% remoto
id_tec_2831,Gipuzkoa
id_tec_2832,Madrid
id_tec_2833,Bizkaia
id_tec_2834,Valencia
id_tec_2835,100% remoto
id_tec_2836,Madrid
id_tec_2837,100% remoto
id_tec_2838,Valencia
id_tec_2839,León
id_tec_2840,Valencia
id_tec_2841,Valencia
id_tec_2842,Pontevedra
id_tec_2843,Valencia
id_tec_2844,Zaragoza
id_tec_2845,Madrid
id_tec_2846,Asturias
id_tec_2847,Madrid
id_tec_2848,Madrid
id_tec_2849,Madrid
id_tec_2850,Madrid
id_tec_2851,Madrid
id_tec_2852,Gipuzkoa
id_tec_2853,Madrid
id_tec_2854,Madrid
id_tec_2855,Madrid
id_tec_2856,Lleida
id_tec_2857,Barcelona
id_tec_2858,Madrid
id_tec_2859,Barcelona
id_tec_2860,100% remoto
id_tec_2861,100% remoto
id_tec_2862,Alicante
id_tec_2863,100% remoto
id_tec_2864,Madrid
id_tec_2865,100% remoto
id_tec_2866,Madrid
id_tec_2867,Barcelona
id_tec_2868,Madrid
id_tec_2869,100% remoto
id_tec_2870,Madrid
id_tec_2871,Alicante
id_tec_2872,Barcelona
id_tec_2873,Zamora
id_tec_2874,Madrid
id_tec_2875,100% remoto
id_tec_2876,Barcelona
id_tec_2877,Madrid
id_tec_2878,Barcelona
id_tec_2879,Almería
id_tec_2880,100% remoto
id_tec_2881,Valencia
id_tec_2882,Alicante
id_tec_2883,Álava
id_tec_2884,Valencia
id_tec_2885,Madrid
id_tec_2886,Madrid
id_tec_2887,Sevilla
id_tec_2888,Barcelona
id_tec_2889,Barcelona
id_tec_2890,Madrid
id_tec_2891,Madrid
id_tec_2892,Pontevedra
id_tec_2893,Barcelona
id_tec_2894,Barcelona
id_tec_2895,Almería
id_tec_2896,Barcelona
id_tec_2897,Murcia
id_tec_2898,Valencia
id_tec_2899,Madrid
id_tec_2900,Barcelona
id_tec_2901,Navarra
id_tec_2902,Madrid
id_tec_2903,Lleida
id_tec_2904,Valencia
id_tec_2905,Madrid
id_tec_2906,Madrid
id_tec_2907,Álava
id_tec_2908,100% remoto
id_tec_2909,Barcelona
id_tec_2910,Barcelona
id_tec_2911,Castellón
id_tec_2912,Castellón
id_tec_2913,Barcelona
id_tec_2914,100% remoto
id_tec_2915,Barcelona
id_tec_2916,Valencia
id_tec_2917,100% remoto
id_tec_2918,Barcelona
id_tec_2919,100% remoto
id_tec_2920,Alicante
id_tec_2921,Barcelona
id_tec_2922,Barcelona
id_tec_2923,Barcelona
id_tec_2924,No especificado
id_tec_2925,Bizkaia
id_tec_2926,Asturias
id_tec_2927,Madrid
id_tec_2928,Guadalajara
id_tec_2929,100% remoto
id_tec_2930,100% remoto
id_tec_2931,100% remoto
id_tec_2932,Bizkaia
id_tec_2933,100% remoto
id_tec_2934,Madrid
id_tec_2935,Valencia
id_tec_2936,Zaragoza
id_tec_2937,Madrid
id_tec_2938,Madrid
id_tec_2939,Madrid
id_tec_2940,Madrid
id_tec_2941,100% remoto
id_tec_2942,100% remoto
id_tec_2943,Madrid
id_tec_2944,Madrid
id_tec_2945,La Rioja
id_tec_2946,Madrid
id_tec_2947,100% remoto
id_tec_2948,Valencia
id_tec_2949,Barcelona
id_tec_2950,Barcelona
id_tec_2951,Barcelona
id_tec_2952,Madrid
id_tec_2953,Madrid
id_tec_2954,Valencia
id_tec_2955,Barcelona
id_tec_2956,Madrid
id_tec_2957,100% remoto
id_tec_2958,Madrid
id_tec_2959,100% remoto
id_tec_2960,100% remoto
id_tec_2961,Madrid
id_tec_2962,100% remoto
id_tec_2963,Valencia
id_tec_2964,100% remoto
id_tec_2965,Madrid
id_tec_2966,Madrid
id_tec_2967,100% remoto
id_tec_2968,Sevilla
id_tec_2969,Málaga
id_tec_2970,Madrid
id_tec_2971,Madrid
id_tec_2972,Málaga
id_tec_2973,Barcelona
id_tec_2974,Madrid
id_tec_2975,Barcelona
id_tec_2976,Madrid
id_tec_2977,Barcelona
id_tec_2978,Barcelona
id_tec_2979,Madrid
id_tec_2980,Barcelona
id_tec_2981,100% remoto
id_tec_2982,Madrid
id_tec_2983,Madrid
id_tec_2984,100% remoto
id_tec_2985,100% remoto
id_tec_2986,100% remoto
id_tec_2987,100% remoto
id_tec_2988,100% remoto
id_tec_2989,Madrid
id_tec_2990,100% remoto
id_tec_2991,Madrid
id_tec_2992,Málaga
id_tec_2993,Madrid
id_tec_2994,Barcelona
id_tec_2995,Madrid
id_tec_2996,Barcelona
id_tec_2997,Madrid
id_tec_2998,100% remoto
id_tec_2999,Ciudad Real
id_tec_3000,100% remoto
id_tec_3001,100% remoto
id_tec_3002,Madrid
id_tec_3003,100% remoto
id_tec_3004,Pontevedra
id_tec_3005,Pontevedra
id_tec_3006,Pontevedra
id_tec_3007,100% remoto
id_tec_3008,100% remoto
id_tec_3009,Madrid
id_tec_3010,Ceuta
id_tec_3011,Madrid
id_tec_3012,Madrid
id_tec_3013,Barcelona
id_tec_3014,Barcelona
id_tec_3015,100% remoto
id_tec_3016,100% remoto
id_tec_3017,Barcelona
id_tec_3018,Madrid
id_tec_3019,Barcelona
id_tec_3020,Sevilla
id_tec_3021,100% remoto
id_tec_3022,Madrid
id_tec_3023,Barcelona
id_tec_3024,Madrid
id_tec_3025,Barcelona
id_tec_3026,Barcelona
id_tec_3027,Madrid
id_tec_3028,Sevilla
id_tec_3029,Madrid
id_tec_3030,Valencia
id_tec_3031,Madrid
id_tec_3032,Madrid
id_tec_3033,Valencia
id_tec_3034,Madrid
id_tec_3035,Sevilla
id_tec_3036,Zaragoza
id_tec_3037,Madrid
id_tec_3038,Madrid
id_tec_3039,Sevilla
id_tec_3040,Pontevedra
id_tec_3041,Barcelona
id_tec_3042,100% remoto
id_tec_3043,Madrid
id_tec_3044,Andorra La Vella
id_tec_3045,Madrid
id_tec_3046,Madrid
id_tec_3047,Zaragoza
id_tec_3048,Barcelona
id_tec_3049,100% remoto
id_tec_3050,Madrid
id_tec_3051,Valencia
id_tec_3052,Barcelona
id_tec_3053,Madrid
id_tec_3054,100% remoto
id_tec_3055,Gipuzkoa
id_tec_3056,Girona
id_tec_3057,Barcelona
id_tec_3058,Barcelona
id_tec_3059,Barcelona
id_tec_3060,Barcelona
id_tec_3061,Madrid
id_tec_3062,Gipuzkoa
id_tec_3063,Madrid
id_tec_3064,Madrid
id_tec_3065,Guadalajara
id_tec_3066,Madrid
id_tec_3067,Barcelona
id_tec_3068,Madrid
id_tec_3069,Murcia
id_tec_3070,100% remoto
id_tec_3071,Girona
id_tec_3072,Barcelona
id_tec_3073,Madrid
id_tec_3074,Madrid
id_tec_3075,Barcelona
id_tec_3076,Valladolid
id_tec_3077,Madrid
id_tec_3078,Madrid
id_tec_3079,Bizkaia
id_tec_3080,100% remoto
id_tec_3081,Alicante
id_tec_3082,Zaragoza
id_tec_3083,Bizkaia
id_tec_3084,Granada
id_tec_3085,Valencia
id_tec_3086,100% remoto
id_tec_3087,Cantabria
id_tec_3088,Bizkaia
id_tec_3089,100% remoto
id_tec_3090,Madrid
id_tec_3091,Madrid
id_tec_3092,Madrid
id_tec_3093,Madrid
id_tec_3094,Madrid
id_tec_3095,Barcelona
id_tec_3096,Madrid
id_tec_3097,100% remoto
id_tec_3098,Barcelona
id_tec_3099,Alicante
id_tec_3100,Bizkaia
id_tec_3101,Barcelona
id_tec_3102,Gipuzkoa
id_tec_3103,Barcelona
id_tec_3104,100% remoto
id_tec_3105,No especificado
id_tec_3106,Valencia
id_tec_3107,Valencia
id_tec_3108,Madrid
id_tec_3109,Pontevedra
id_tec_3110,Madrid
id_tec_3111,Barcelona
id_tec_3112,Madrid
id_tec_3113,Madrid
id_tec_3114,Madrid
id_tec_3115,Barcelona
id_tec_3116,Madrid
id_tec_3117,Madrid
id_tec_3118,Madrid
id_tec_3119,Castellón
id_tec_3120,Barcelona
id_tec_3121,Barcelona
id_tec_3122,Madrid
id_tec_3123,Valencia
id_tec_3124,Madrid
id_tec_3125,Bizkaia
id_tec_3126,Zaragoza
id_tec_3127,No especificado
id_tec_3128,Barcelona
id_tec_3129,Zaragoza
id_tec_3130,Madrid
id_tec_3131,Barcelona
id_tec_3132,100% remoto
id_tec_3133,100% remoto
id_tec_3134,Barcelona
id_tec_3135,Madrid
id_tec_3136,Córdoba
id_tec_3137,Madrid
id_tec_3138,Madrid
id_tec_3139,Barcelona
id_tec_3140,Madrid
id_tec_3141,Barcelona
id_tec_3142,Barcelona
id_tec_3143,Madrid
id_tec_3144,Madrid
id_tec_3145,Zaragoza
id_tec_3146,Baleares
id_tec_3147,Madrid
id_tec_3148,Madrid
id_tec_3149,100% remoto
id_tec_3150,Madrid
id_tec_3151,Gipuzkoa
id_tec_3152,Barcelona
id_tec_3153,Madrid
id_tec_3154,Madrid
id_tec_3155,Zaragoza
id_tec_3156,Madrid
id_tec_3157,Valencia
id_tec_3158,Bizkaia
id_tec_3159,Barcelona
id_tec_3160,100% remoto
id_tec_3161,Madrid
id_tec_3162,Sevilla
id_tec_3163,Andorra La Vella
id_tec_3164,100% remoto
id_tec_3165,Barcelona
id_tec_3166,Madrid
id_tec_3167,Barcelona
id_tec_3168,100% remoto
id_tec_3169,Madrid
id_tec_3170,Valencia
id_tec_3171,Madrid
id_tec_3172,Madrid
id_tec_3173,100% remoto
id_tec_3174,Valencia
id_tec_3175,Barcelona
id_tec_3176,Barcelona
id_tec_3177,Valencia
id_tec_3178,Madrid
id_tec_3179,100% remoto
id_tec_3180,Alicante
id_tec_3181,Bizkaia
id_tec_3182,Barcelona
id_tec_3183,Valencia
id_tec_3184,Valencia
id_tec_3185,100% remoto
id_tec_3186,100% remoto
id_tec_3187,Barcelona
id_tec_3188,Álava
id_tec_3189,Barcelona
id_tec_3190,Barcelona
id_tec_3191,Valencia
id_tec_3192,100% remoto
id_tec_3193,Álava
id_tec_3194,Barcelona
id_tec_3195,Madrid
id_tec_3196,Valencia
id_tec_3197,Barcelona
id_tec_3198,Madrid
id_tec_3199,Barcelona
id_tec_3200,Madrid
id_tec_3201,Valladolid
id_tec_3202,Navarra
id_tec_3203,Barcelona
id_tec_3204,A Coruña
id_tec_3205,Gipuzkoa
id_tec_3206,Madrid
id_tec_3207,A Coruña
id_tec_3208,Barcelona
id_tec_3209,Barcelona
id_tec_3210,Valencia
id_tec_3211,Madrid
id_tec_3212,Barcelona
id_tec_3213,Álava
id_tec_3214,Madrid
id_tec_3215,100% remoto
id_tec_3216,Barcelona
id_tec_3217,Madrid
id_tec_3218,Álava
id_tec_3219,Barcelona
id_tec_3220,100% remoto
id_tec_3221,No especificado
id_tec_3222,Valencia
id_tec_3223,100% remoto
id_tec_3224,Zaragoza
id_tec_3225,Pontevedra
id_tec_3226,Madrid
id_tec_3227,Madrid
id_tec_3228,Madrid
id_tec_3229,Madrid
id_tec_3230,Navarra
id_tec_3231,Navarra
id_tec_3232,Zaragoza
id_tec_3233,100% remoto
id_tec_3234,Madrid
id_tec_3235,Madrid
id_tec_3236,Madrid
id_tec_3237,Madrid
id_tec_3238,Madrid
id_tec_3239,Barcelona
id_tec_3240,Murcia
id_tec_3241,Barcelona
id_tec_3242,Valencia
id_tec_3243,100% remoto
id_tec_3244,Madrid
id_tec_3245,Madrid
id_tec_3246,Bizkaia
id_tec_3247,Madrid
id_tec_3248,Barcelona
id_tec_3249,Madrid
id_tec_3250,Madrid
id_tec_3251,100% remoto
id_tec_3252,Madrid
id_tec_3253,Madrid
id_tec_3254,Barcelona
id_tec_3255,Madrid
id_tec_3256,Valencia
id_tec_3257,Madrid
id_tec_3258,Gipuzkoa
id_tec_3259,Barcelona
id_tec_3260,Valencia
id_tec_3261,Madrid
id_tec_3262,Madrid
id_tec_3263,Madrid
id_tec_3264,Madrid
id_tec_3265,Barcelona
id_tec_3266,Bizkaia
id_tec_3267,Zaragoza
id_tec_3268,Sevilla
id_tec_3269,100% remoto
id_tec_3270,Zaragoza
id_tec_3271,Barcelona
id_tec_3272,Barcelona
id_tec_3273,Valencia
id_tec_3274,Barcelona
id_tec_3275,Madrid
id_tec_3276,Barcelona
id_tec_3277,Madrid
id_tec_3278,Valencia
id_tec_3279,Valencia
id_tec_3280,Alicante
id_tec_3281,Madrid
id_tec_3282,Barcelona
id_tec_3283,100% remoto
id_tec_3284,Madrid
id_tec_3285,Barcelona
id_tec_3286,Madrid
id_tec_3287,Valladolid
id_tec_3288,Madrid
id_tec_3289,Barcelona
id_tec_3290,Madrid
id_tec_3291,Castellón
id_tec_3292,Alicante
id_tec_3293,Bizkaia
id_tec_3294,Madrid
id_tec_3295,Zaragoza
id_tec_3296,Madrid
id_tec_3297,Almería
id_tec_3298,100% remoto
id_tec_3299,100% remoto
id_tec_3300,Barcelona
id_tec_3301,Valladolid
id_tec_3302,Barcelona
id_tec_3303,Madrid
id_tec_3304,Sevilla
id_tec_3305,Barcelona
id_tec_3306,Madrid
id_tec_3307,Valladolid
id_tec_3308,Madrid
id_tec_3309,Navarra
id_tec_3310,Barcelona
id_tec_3311,Bizkaia
id_tec_3312,Segovia
id_tec_3313,Madrid
id_tec_3314,Barcelona
id_tec_3315,Barcelona
id_tec_3316,Madrid
id_tec_3317,Madrid
id_tec_3318,Bizkaia
id_tec_3319,Barcelona
id_tec_3320,100% remoto
id_tec_3321,Valladolid
id_tec_3322,Barcelona
id_tec_3323,Madrid
id_tec_3324,100% remoto
id_tec_3325,Álava
id_tec_3326,Barcelona
id_tec_3327,Barcelona
id_tec_3328,Girona
id_tec_3329,Zaragoza
id_tec_3330,Madrid
id_tec_3331,Madrid
id_tec_3332,Madrid
id_tec_3333,Madrid
id_tec_3334,No especificado
id_tec_3335,Cantabria
id_tec_3336,Barcelona
id_tec_3337,Valencia
id_tec_3338,Madrid
id_tec_3339,Bizkaia
id_tec_3340,Madrid
id_tec_3341,Barcelona
id_tec_3342,Córdoba
id_tec_3343,Valencia
id_tec_3344,Madrid
id_tec_3345,Zaragoza
id_tec_3346,Madrid
id_tec_3347,Madrid
id_tec_3348,Madrid
id_tec_3349,Valencia
id_tec_3350,Zaragoza
id_tec_3351,Madrid
id_tec_3352,Madrid
id_tec_3353,Madrid
id_tec_3354,Barcelona
id_tec_3355,Bizkaia
id_tec_3356,Madrid
id_tec_3357,Madrid
id_tec_3358,Valencia
id_tec_3359,Barcelona
id_tec_3360,Barcelona
id_tec_3361,Barcelona
id_tec_3362,100% remoto
id_tec_3363,100% remoto
id_tec_3364,Barcelona
id_tec_3365,Madrid
id_tec_3366,Madrid
id_tec_3367,Tarragona
id_tec_3368,Valencia
id_tec_3369,Bruselas
id_tec_3370,Madrid
id_tec_3371,Barcelona
id_tec_3372,Madrid
id_tec_3373,Barcelona
id_tec_3374,Madrid
id_tec_3375,Madrid
id_tec_3376,Gipuzkoa
id_tec_3377,100% remoto
id_tec_3378,No especificado
id_tec_3379,No especificado
id_tec_3380,No especificado
id_tec_3381,100% remoto
id_tec_3382,No especificado
id_tec_3383,Madrid
id_tec_3384,Barcelona
id_tec_3385,Barcelona
id_tec_3386,Barcelona
id_tec_3387,Madrid
id_tec_3388,Madrid
id_tec_3389,Barcelona
id_tec_3390,Barcelona
id_tec_3391,100% remoto
id_tec_3392,Gipuzkoa
id_tec_3393,Valladolid
id_tec_3394,Navarra
id_tec_3395,Bizkaia
id_tec_3396,Madrid
id_tec_3397,Barcelona
id_tec_3398,Madrid
id_tec_3399,Barcelona
id_tec_3400,Madrid
id_tec_3401,Barcelona
id_tec_3402,Madrid
id_tec_3403,Madrid
id_tec_3404,Madrid
id_tec_3405,Madrid
id_tec_3406,Madrid
id_tec_3407,Bruselas
id_tec_3408,Zaragoza
id_tec_3409,100% remoto
id_tec_3410,Zaragoza
id_tec_3411,Zaragoza
id_tec_3412,Madrid
id_tec_3413,Palencia
id_tec_3414,Madrid
id_tec_3415,Teruel
id_tec_3416,Madrid
id_tec_3417,Madrid
id_tec_3418,Barcelona
id_tec_3419,Burgos
id_tec_3420,Bizkaia
id_tec_3421,Madrid
id_tec_3422,Madrid
id_tec_3423,100% remoto
id_tec_3424,100% remoto
id_tec_3425,Barcelona
id_tec_3426,Valladolid
id_tec_3427,Bizkaia
id_tec_3428,Valladolid
id_tec_3429,Alicante
id_tec_3430,Barcelona
id_tec_3431,Valladolid
id_tec_3432,Barcelona
id_tec_3433,Barcelona
id_tec_3434,Barcelona
id_tec_3435,Girona
id_tec_3436,Barcelona
id_tec_3437,Barcelona
id_tec_3438,100% remoto
id_tec_3439,Tarragona
id_tec_3440,Madrid
id_tec_3441,Barcelona
id_tec_3442,Barcelona
id_tec_3443,Barcelona
id_tec_3444,Barcelona
id_tec_3445,Madrid
id_tec_3446,Barcelona
id_tec_3447,Madrid
id_tec_3448,Madrid
id_tec_3449,Barcelona
id_tec_3450,Barcelona
id_tec_3451,Barcelona
id_tec_3452,100% remoto
id_tec_3453,Madrid
id_tec_3454,100% remoto
id_tec_3455,Madrid
id_tec_3456,Madrid
id_tec_3457,Barcelona
id_tec_3458,Madrid
id_tec_3459,Barcelona
id_tec_3460,Madrid
id_tec_3461,Barcelona
id_tec_3462,Madrid
id_tec_3463,Barcelona
id_tec_3464,Madrid
id_tec_3465,Barcelona
id_tec_3466,Barcelona
id_tec_3467,100% remoto
id_tec_3468,Madrid
id_tec_3469,Málaga
id_tec_3470,Barcelona
id_tec_3471,Barcelona
id_tec_3472,Gipuzkoa
id_tec_3473,Madrid
id_tec_3474,Bizkaia
id_tec_3475,Barcelona
id_tec_3476,Barcelona
id_tec_3477,100% remoto
id_tec_3478,100% remoto
id_tec_3479,100% remoto
id_tec_3480,Valencia
id_tec_3481,Madrid
id_tec_3482,Barcelona
id_tec_3483,Madrid
id_tec_3484,Barcelona
id_tec_3485,Cantabria
id_tec_3486,Valencia
id_tec_3487,Barcelona
id_tec_3488,Barcelona
id_tec_3489,Barcelona
id_tec_3490,Barcelona
id_tec_3491,Madrid
id_tec_3492,Barcelona
id_tec_3493,Barcelona
id_tec_3494,Madrid
id_tec_3495,Madrid
id_tec_3496,Madrid
id_tec_3497,Madrid
id_tec_3498,Madrid
id_tec_3499,Madrid
id_tec_3500,Madrid
id_tec_3501,Barcelona
id_tec_3502,Madrid
id_tec_3503,Madrid
id_tec_3504,Madrid
id_tec_3505,Madrid
id_tec_3506,Madrid
id_tec_3507,Madrid
id_tec_3508,Madrid
id_tec_3509,Madrid
id_tec_3510,Madrid
id_tec_3511,Madrid
id_tec_3512,Madrid
id_tec_3513,Madrid
id_tec_3514,Madrid
id_tec_3515,Madrid
id_tec_3516,Madrid
id_tec_3517,Madrid
id_tec_3518,Madrid
id_tec_3519,Madrid
id_tec_3520,Madrid
id_tec_3521,Madrid
id_tec_3522,Madrid
id_tec_3523,100% remoto
id_tec_3524,Madrid
id_tec_3525,Madrid
id_tec_3526,Madrid
id_tec_3527,Madrid
id_tec_3528,Valencia
id_tec_3529,100% remoto
id_tec_3530,Valencia
id_tec_3531,Madrid
id_tec_3532,Barcelona
id_tec_3533,100% remoto
id_tec_3534,Barcelona
id_tec_3535,Madrid
id_tec_3536,Madrid
id_tec_3537,Madrid
id_tec_3538,Barcelona
id_tec_3539,Madrid
id_tec_3540,Madrid
id_tec_3541,Madrid
id_tec_3542,Madrid
id_tec_3543,Madrid
id_tec_3544,100% remoto
id_tec_3545,Barcelona
id_tec_3546,Madrid
id_tec_3547,Madrid
id_tec_3548,Barcelona
id_tec_3549,100% remoto
id_tec_3550,Madrid
id_tec_3551,Valencia
id_tec_3552,100% remoto
id_tec_3553,Valencia
id_tec_3554,Valencia
id_tec_3555,Madrid
id_tec_3556,100% remoto
id_tec_3557,Barcelona
id_tec_3558,Granada
id_tec_3559,Madrid
id_tec_3560,Sevilla
id_tec_3561,Valencia
id_tec_3562,Barcelona
id_tec_3563,Valencia
id_tec_3564,Madrid
id_tec_3565,Barcelona
id_tec_3566,Asturias
id_tec_3567,Barcelona
id_tec_3568,Álava
id_tec_3569,Madrid
id_tec_3570,Asturias
id_tec_3571,Madrid
id_tec_3572,Madrid
id_tec_3573,Madrid
id_tec_3574,100% remoto
id_tec_3575,Madrid
id_tec_3576,Barcelona
id_tec_3577,Salamanca
id_tec_3578,Madrid
id_tec_3579,Madrid
id_tec_3580,Madrid
id_tec_3581,Madrid
id_tec_3582,Barcelona
id_tec_3583,Barcelona
id_tec_3584,Asturias
id_tec_3585,Tarragona
id_tec_3586,Madrid
id_tec_3587,Sta. Cruz De Tenerife
id_tec_3588,Sta. Cruz De Tenerife
id_tec_3589,Madrid
id_tec_3590,Madrid
id_tec_3591,Madrid
id_tec_3592,Madrid
id_tec_3593,Madrid
id_tec_3594,Madrid
id_tec_3595,Madrid
id_tec_3596,Madrid
id_tec_3597,Madrid
id_tec_3598,Madrid
id_tec_3599,Madrid
id_tec_3600,Madrid
id_tec_3601,Madrid
id_tec_3602,Madrid
id_tec_3603,Madrid
id_tec_3604,Madrid
id_man_1,MADRID
id_man_2,BARCELONA
id_man_3,MADRID
id_man_4,MADRID
id_man_5,MADRID
id_man_5,SEVILLA
id_man_5,PALMA
id_man_6,MADRID
id_man_7,MADRID
id_man_8,MÁLAGA
id_man_9,ZARAGOZA
id_man_10,
id_man_11,MADRID
id_man_12,
id_man_13,
id_man_14,MADRID
id_man_15,
id_man_16,MADRID
id_man_17,MADRID
id_man_18,
id_man_19,MADRID
id_man_20,MADRID
id_man_21,
id_man_22,MADRID
id_man_22,A CORUÑA
id_man_23,
id_man_24,MADRID
id_man_25,SEVILLA
id_man_26,VALENCIA
id_man_27,LOGROÑO
id_man_28,
id_man_29,
id_man_30,
id_man_31,A CORUÑA
id_man_32,
id_man_33,MADRID
id_man_34,
id_man_35,
id_man_36,MADRID
id_man_37,
id_man_38,
id_man_39,
id_man_40,BARCELONA
id_man_41,MADRID
id_man_42,
id_man_43,
id_man_44,
id_man_45,A CORUÑA
id_man_46,
id_man_47,
id_man_48,
id_man_49,MADRID
id_man_50,MADRID
id_man_51,
id_man_52,
id_man_53,
id_man_54,
id_man_55,BARCELONA
id_man_56,
id_man_57,MADRID
id_man_58,
id_man_59,
id_man_60,
id_man_61,
id_man_62,
id_man_63,MADRID
id_man_64,
id_man_65,
id_man_66,
id_man_67,
id_man_68,MADRID
id_man_69,
id_man_70,
id_man_71,
id_man_72,
id_man_73,BARCELONA
id_man_74,MADRID
id_man_75,MADRID
id_man_76,MADRID
id_man_77,BARCELONA
id_man_78,
id_man_79,
id_man_80,
id_man_81,VALENCIA
id_man_82,MADRID
id_man_83,MADRID
id_man_84,BARCELONA
id_man_85,MADRID
id_man_86,MADRID
id_man_87,MADRID
id_man_88,MADRID
id_man_89,
id_man_90,
id_man_91,VIGO
id_man_92,
id_man_93,MADRID
id_man_94,
id_man_95,A CORUÑA
id_man_96,
id_man_97,A CORUÑA
id_man_98,VALENCIA
id_man_99,
id_man_100,
id_man_101,MADRID
id_man_102,MADRID
id_man_103,
id_man_104,
id_man_105,
id_man_106,
id_man_107,MADRID
id_man_107,ZARAGOZA
id_man_108,
id_man_109,A CORUÑA
id_man_110,MADRID
id_man_111,
id_man_112,MADRID
id_man_113,MADRID
id_man_114,
id_man_115,
id_man_116,
id_man_117,
id_man_118,
id_man_119,
id_man_120,MADRID
id_man_121,MADRID
id_man_122,
id_man_123,
id_man_124,MADRID
id_man_125,LEÓN
id_man_126,
id_man_127,MADRID
id_man_128,
id_man_129,
id_man_130,MADRID
id_man_131,MADRID
id_man_131,ZARAGOZA
id_man_132,
id_man_133,A CORUÑA
id_man_134,MADRID
id_man_135,
id_man_136,
id_man_137,
id_man_138,
id_man_139,ZARAGOZA
id_man_139,MADRID
id_man_140,
id_man_141,MADRID
id_man_142,
id_man_143,
id_man_144,MADRID
id_man_145,MADRID
id_man_146,
id_man_147,MADRID
id_man_148,MADRID
id_man_149,
id_man_150,
id_man_151,
id_man_152,
id_man_153,
id_man_154,
id_man_155,A CORUÑA
id_man_156,
id_man_157,
id_man_158,A CORUÑA
id_man_159,LAS PALMAS DE GRAN CANARIA
id_man_160,BARCELONA
id_man_161,
id_man_162,MADRID
id_man_163,MADRID
id_man_164,
id_man_165,
id_man_166,MADRID
id_man_167,VALENCIA
id_man_168,
id_man_169,SEVILLA
id_man_170,
id_man_171,VALENCIA
id_man_172,
id_man_173,MADRID
id_man_174,
id_man_175,
id_man_176,A CORUÑA
id_man_177,
id_man_178,
id_man_179,MADRID
id_man_180,MADRID
id_man_181,MADRID
id_man_182,BARCELONA
id_man_183,
id_man_184,
id_man_185,
id_man_186,
id_man_187,BARCELONA
id_man_188,
id_man_189,
id_man_190,MADRID
id_man_191,
id_man_192,
id_man_193,MADRID
id_man_194,
id_man_195,MURCIA
id_man_196,
id_man_197,A CORUÑA
id_man_198,
id_man_199,
id_man_200,
id_man_201,PALMA
id_man_202,
id_man_203,
id_man_204,
id_man_205,
id_man_206,
id_man_207,MADRID
id_man_208,VALENCIA
id_man_209,
id_man_210,
id_man_211,
id_man_212,MADRID
id_man_213,
id_man_214,
id_man_215,MADRID
id_man_216,MADRID
id_man_217,
id_man_218,
id_man_219,MADRID
id_man_219,BARCELONA
id_man_220,
id_man_221,MADRID
id_man_222,
id_man_223,BARCELONA
id_man_224,
id_man_225,
id_man_226,
id_man_227,MADRID
id_man_228,
id_man_229,MADRID
id_man_230,MADRID
id_man_231,
id_man_232,
id_man_233,
id_man_234,
id_man_235,BILBAO
id_man_235,MADRID
id_man_235,SEVILLA
id_man_236,SEVILLA
id_man_237,MADRID
id_man_238,A CORUÑA
id_man_239,
id_man_240,
id_man_241,MADRID
id_man_242,
id_man_243,
id_man_244,BARCELONA
id_man_244,MADRID
id_man_245,MADRID
id_man_246,
id_man_247,
id_man_248,
id_man_249,MADRID
id_man_250,MURCIA
id_man_251,VALENCIA
id_man_252,
id_man_253,MADRID
id_man_254,BARCELONA
id_man_255,ALCOBENDAS
id_man_256,
id_man_257,
id_man_258,MADRID
id_man_259,
id_man_260,BARCELONA
id_man_261,
id_man_262,A CORUÑA
id_man_263,
id_man_264,BARCELONA
id_man_265,BARCELONA
id_man_266,MADRID
id_man_267,A CORUÑA
id_man_268,
id_man_269,
id_man_270,
id_man_271,
id_man_272,
id_man_273,MADRID
id_man_273,VALENCIA
id_man_274,MADRID
id_man_275,MADRID
id_man_276,
id_man_277,
id_man_278,
id_man_279,
id_man_280,MADRID
id_man_281,VALENCIA
id_man_282,
id_man_283,
id_man_284,
id_man_285,
id_man_286,
id_man_287,
id_man_288,MADRID
id_man_289,
id_man_290,
id_man_291,
id_man_292,
id_man_293,MADRID
id_man_294,MADRID
id_man_295,
id_man_296,
id_man_297,
id_man_298,MADRID
id_man_299,
id_man_300,
id_man_301,
id_man_302,
id_man_303,MADRID
id_man_304,
id_man_305,
id_man_306,
id_man_307,
id_man_308,
id_man_309,
id_man_310,MADRID
id_man_311,BARCELONA
id_man_312,MADRID
id_man_313,
id_man_314,VITORIA-GASTEIZ
id_man_314,MADRID
id_man_315,
id_man_316,A CORUÑA
id_man_317,
id_man_318,MADRID
id_man_319,
id_man_320,
id_man_321,A CORUÑA
id_man_321,MADRID
id_man_322,
id_man_323,MADRID
id_man_324,
id_man_325,MADRID
id_man_326,BADAJOZ
id_man_327,
id_man_328,MADRID
id_man_329,MADRID
id_man_330,MADRID
id_man_330,SEVILLA
id_man_330,VALENCIA
id_man_331,BARCELONA
id_man_332,
id_man_333,
id_man_334,
id_man_335,
id_man_336,MADRID
id_man_337,
id_man_338,
id_man_339,
id_man_340,
id_man_341,
id_man_342,
id_man_343,
id_man_344,
id_man_345,
id_man_346,
id_man_347,
id_man_348,
id_man_349,
id_man_350,
id_man_351,MADRID
id_man_352,
id_man_353,
id_man_354,
id_man_355,
id_man_356,PALMA
id_man_357,
id_man_358,
id_man_359,
id_man_360,
id_man_361,
id_man_362,MADRID
id_man_363,MADRID
id_man_364,
id_man_365,
id_man_366,BARCELONA
id_man_367,
id_man_368,
id_man_369,
id_man_370,
id_man_371,
id_man_372,
id_man_373,
id_man_374,BARCELONA
id_man_375,
id_man_376,
id_man_377,
id_man_378,
id_man_379,A CORUÑA
id_man_380,
id_man_381,MADRID
id_man_382,
id_man_383,
id_man_384,BARCELONA
id_man_385,
id_man_386,MADRID
id_man_387,
id_man_388,
id_man_389,
id_man_390,MADRID
id_man_391,MADRID
id_man_391,SEVILLA
id_man_391,VALENCIA
id_man_392,BARCELONA
id_man_393,
id_man_394,MADRID
id_man_395,
id_man_396,MADRID
id_man_397,
id_man_398,
id_man_399,
id_man_400,
id_man_401,"CIUDAD DE MÉXICO, MÉXICO"
id_man_402,
id_man_403,
id_man_404,
id_man_405,
id_man_406,VALENCIA
id_man_407,
id_man_408,MADRID
id_man_409,
id_man_410,
id_man_411,MADRID
id_man_412,A CORUÑA
id_man_413,
id_man_414,
id_man_415,
id_man_416,
id_man_417,BARCELONA
id_man_418,
id_man_419,
id_man_420,JAÉN
id_man_420,MADRID
id_man_421,SEVILLA
id_man_422,A CORUÑA
id_man_423,MADRID
id_man_424,MADRID
id_man_425,
id_man_426,
id_man_427,
id_man_428,
id_man_429,MADRID
id_man_430,BARCELONA
id_man_431,
id_man_432,BARCELONA
id_man_433,MADRID
id_man_434,
id_man_435,
id_man_436,
id_man_437,
id_man_438,A CORUÑA
id_man_439,
id_man_440,
id_man_441,MADRID
id_man_442,
id_man_443,
id_man_444,MADRID
id_man_445,BARCELONA
id_man_446,
id_man_447,
id_man_448,
id_man_449,
id_man_450,
id_man_451,
id_man_452,BARCELONA
id_man_453,
id_man_454,
id_man_455,MADRID
id_man_456,
id_man_457,
id_man_458,MADRID
id_man_459,MADRID
id_man_460,MADRID
id_man_461,
id_man_462,
id_man_463,
id_man_464,MADRID
id_man_465,
id_man_466,
id_man_467,
id_man_468,
id_man_469,
id_man_470,MADRID
id_man_471,
id_man_472,
id_man_473,
id_man_474,ALICANTE (ALACANT)
id_man_475,MADRID
id_man_476,
id_man_477,
id_man_478,BARCELONA
id_man_479,
id_man_480,
id_man_481,
id_man_482,
id_man_483,BARCELONA
id_man_483,MADRID
id_man_484,
id_man_485,
id_man_486,
id_man_487,
id_man_488,
id_man_489,
id_man_490,BARCELONA
id_man_491,MADRID
id_man_492,BARCELONA
id_man_493,
id_man_494,
id_man_495,
id_man_496,
id_man_497,MADRID
id_man_498,
id_man_499,
id_man_500,
id_man_501,
id_man_502,MADRID
id_man_503,
id_man_504,"ÁMSTERDAM, PAÍSES BAJOS"
id_man_505,
id_man_506,
id_man_507,BARCELONA
id_man_508,A CORUÑA
id_man_509,
id_man_510,MADRID
id_man_511,MADRID
id_man_512,BARCELONA
id_man_513,
id_man_514,
id_man_515,
id_man_516,A CORUÑA
id_man_517,
id_man_518,
id_man_519,VIGO
id_man_520,
id_man_521,
id_man_522,
id_man_523,BARCELONA
id_man_524,MADRID
id_man_525,
id_man_526,ZARAGOZA
id_man_527,
id_man_528,MADRID
id_man_529,
id_man_530,MADRID
id_man_531,MADRID
id_man_532,MADRID
id_man_533,MADRID
id_man_534,
id_man_535,
id_man_536,
id_man_537,MADRID
id_man_538,
id_man_539,
id_man_540,
id_man_541,
id_man_542,
id_man_543,
id_man_544,
id_man_545,
id_man_546,MADRID
id_man_547,VIGO
id_man_548,
id_man_549,MADRID
id_man_550,
id_man_551,PALMA
id_man_551,BARCELONA
id_man_552,
id_man_553,
id_man_554,
id_man_555,MADRID
id_man_556,
id_man_557,
id_man_558,
id_man_559,
id_man_560,
id_man_561,
id_man_562,
id_man_563,
id_man_564,
id_man_565,
id_man_566,
id_man_567,VALENCIA
id_man_568,MADRID
id_man_569,
id_man_570,
id_man_571,
id_man_572,
id_man_573,VIGO
id_man_574,
id_man_575,VALENCIA
id_man_576,
id_man_577,
id_man_578,
id_man_579,
id_man_580,MADRID
id_man_581,
id_man_582,MADRID
id_man_583,
id_man_584,
id_man_585,
id_man_586,
id_man_587,BARCELONA
id_man_588,MADRID
id_man_589,
id_man_590,
id_man_591,MADRID
id_man_592,
id_man_593,
id_man_594,
id_man_595,
id_man_596,
id_man_597,BARCELONA
id_man_598,
id_man_599,
id_man_600,
id_man_601,MADRID
id_man_602,MADRID
id_man_603,
id_man_604,VIGO
id_man_605,
id_man_606,
id_man_607,
id_man_608,
id_man_609,MADRID
id_man_610,
id_man_611,MADRID
id_man_612,
id_man_613,MADRID
id_man_614,
id_man_615,MADRID
id_man_616,MADRID
id_man_616,VALENCIA
id_man_616,SEVILLA
id_man_617,
id_man_618,
id_man_619,MADRID
id_man_620,MADRID
id_man_621,MADRID
id_man_622,MADRID
id_man_623,MADRID
id_man_624,MADRID
id_man_625,
id_man_626,
id_man_627,
id_man_628,
id_man_629,
id_man_630,
id_man_631,
id_man_632,
id_man_633,
id_man_634,
id_man_635,
id_man_636,
id_man_637,MADRID
id_man_638,
id_man_639,BARCELONA
id_man_640,BERGONDO
id_man_640,A CORUÑA
id_man_641,
id_man_642,BILBAO
id_man_643,MADRID
id_man_644,MADRID
id_man_645,
id_man_646,BARCELONA
id_man_647,BARCELONA
id_man_648,MADRID
id_man_649,
id_man_650,MADRID
id_man_651,A CORUÑA
id_man_652,BARCELONA
id_man_653,
id_man_654,
id_man_655,SANTANDER
id_man_656,
id_man_657,
id_man_658,
id_man_659,MADRID
id_man_660,
id_man_661,MÁLAGA
id_man_662,
id_man_663,A CORUÑA
id_man_664,
id_man_665,VALENCIA
id_man_666,
id_man_667,
id_man_668,
id_man_669,
id_man_670,
id_man_671,BARCELONA
id_man_672,
id_man_673,ALCOY
id_man_674,MADRID
id_man_675,BARCELONA
id_man_676,VALENCIA
id_man_677,BARCELONA
id_man_678,MADRID
id_man_679,A CORUÑA
id_man_680,
id_man_681,
id_man_682,MADRID
id_man_683,A CORUÑA
id_man_684,A CORUÑA
id_man_685,MADRID
id_man_686,MADRID
id_man_687,MADRID
id_man_688,A CORUÑA
id_man_689,MADRID
id_man_690,A CORUÑA
id_man_691,A CORUÑA
id_man_692,
id_man_693,
id_man_694,
id_man_695,
id_man_696,
id_man_697,MADRID
id_man_697,A CORUÑA
id_man_698,
id_man_699,
id_man_700,MADRID
id_man_701,A CORUÑA
id_man_702,
id_man_703,
id_man_704,VALENCIA
id_man_705,
id_man_706,MADRID
id_man_707,
id_man_708,A CORUÑA
id_man_709,MADRID
id_man_710,MADRID
id_man_711,MADRID
id_man_712,
id_man_713,
id_man_714,
id_man_715,
id_man_716,
id_man_717,
id_man_718,
id_man_719,MADRID
id_man_720,
id_man_721,
id_man_722,
id_man_723,
id_man_724,SANTANDER
id_man_725,
id_man_726,MADRID
id_man_727,
id_man_728,
id_man_729,BARCELONA
id_man_730,MADRID
id_man_731,BARCELONA
id_man_732,
id_man_733,
id_man_734,MADRID
id_man_735,MADRID
id_man_736,
id_man_737,
id_man_738,
id_man_739,
id_man_740,VALENCIA
id_man_741,
id_man_742,BILBAO
id_man_743,
id_man_744,
id_man_745,
id_man_746,MADRID
id_man_747,
id_man_748,GIJÓN
id_man_749,MADRID
id_man_750,
id_man_751,
id_man_752,
id_man_753,MADRID
id_man_754,SEVILLA
id_man_755,
id_man_756,
id_man_757,MADRID
id_man_758,
id_man_759,
id_man_760,BARCELONA
id_man_761,
id_man_762,BILBAO
id_man_763,
id_man_764,
id_man_765,MADRID
id_man_766,
id_man_767,VALENCIA
id_man_768,
id_man_769,MADRID
id_man_770,MADRID
id_man_771,
id_man_772,
id_man_773,GIJÓN
id_man_774,
id_man_775,
id_man_776,
id_man_777,PAMPLONA
id_man_778,
id_man_779,VALENCIA
id_man_780,
id_man_781,A CORUÑA
id_man_782,
id_man_783,MADRID
id_man_784,BARCELONA
id_man_785,VALENCIA
id_man_786,
id_man_787,
id_man_788,
id_man_789,
id_man_790,MÁLAGA
id_man_791,
id_man_792,A CORUÑA
id_man_793,MADRID
id_man_794,MADRID
id_man_795,
id_man_796,VALENCIA
id_man_797,MADRID
id_man_798,MADRID
id_man_798,A CORUÑA
id_man_799,
id_man_800,
id_man_801,MADRID
id_man_802,SEVILLA
id_man_803,ZARAGOZA
id_man_804,
id_man_805,
id_man_806,MADRID
id_man_807,MADRID
id_man_808,MÁLAGA
id_man_809,
id_man_810,BARCELONA
id_man_811,
id_man_812,
id_man_813,
id_man_814,
id_man_815,
id_man_816,
id_man_817,PAMPLONA
id_man_818,
id_man_819,A CORUÑA
id_man_820,MADRID
id_man_821,MADRID
id_man_821,VITORIA-GASTEIZ
id_man_822,
id_man_823,
id_man_824,PALMA
id_man_825,SAN SEBASTIÁN
id_man_826,SEVILLA
id_man_827,MADRID
id_man_828,
id_man_829,
id_man_830,
id_man_831,
id_man_832,
id_man_833,
id_man_834,
id_man_835,
id_man_836,BARCELONA
id_man_837,
id_man_838,
id_man_839,
id_man_840,
id_man_841,MADRID
id_man_842,MADRID
id_man_843,
id_man_844,MADRID
id_man_845,
id_man_846,MADRID
id_man_847,
id_man_848,
id_man_849,
id_man_850,MADRID
id_man_850,A CORUÑA
id_man_851,MURCIA
id_man_852,LÉRIDA
id_man_853,A CORUÑA
id_man_853,MADRID
id_man_854,BILBAO
id_man_855,MADRID
id_man_855,BARCELONA
id_man_856,VALENCIA
id_man_857,
id_man_858,BARCELONA
id_man_859,SEVILLA
id_man_860,
id_man_861,MADRID
id_man_862,MADRID
id_man_863,BARCELONA
id_man_864,
id_man_865,
id_man_866,
id_man_867,
id_man_868,A CORUÑA
id_man_869,MADRID
id_man_870,BARCELONA
id_man_871,MADRID
id_man_872,
id_man_873,
id_man_874,BARCELONA
id_man_875,
id_man_876,
id_man_877,
id_man_878,
id_man_879,
id_man_880,SEVILLA
id_man_881,
id_man_882,
id_man_883,
id_man_884,
id_man_885,
id_man_886,MADRID
id_man_887,
id_man_888,VALENCIA
id_man_889,MADRID
id_man_890,
id_man_891,
id_man_892,
id_man_893,
id_man_894,
id_man_895,
id_man_896,ALICANTE (ALACANT)
id_man_897,MADRID
id_man_898,
id_man_899,
id_man_900,
id_man_901,VALENCIA
id_man_902,
id_man_903,
id_man_904,
id_man_905,
id_man_906,
id_man_907,MADRID
id_man_908,
id_man_909,A CORUÑA
id_man_910,
id_man_911,
id_man_912,
id_man_913,
id_man_914,
id_man_915,
id_man_916,SEVILLA
id_man_916,VALENCIA
id_man_916,MADRID
id_man_917,
id_man_918,MADRID
id_man_919,
id_man_920,
id_man_921,
id_man_922,
id_man_923,
id_man_924,
id_man_925,
id_man_926,
id_man_927,
id_man_928,VALLADOLID
id_man_929,
id_man_930,
id_man_931,
id_man_932,
id_man_933,
id_man_934,
id_man_935,
id_man_936,
id_man_937,
id_man_938,
id_man_939,
id_man_940,VALENCIA
id_man_941,
id_man_942,
id_man_943,MADRID
id_man_944,
id_man_945,MADRID
id_man_946,MADRID
id_man_947,MADRID
id_man_948,
id_man_949,VALENCIA
id_man_950,
id_man_951,
id_man_952,
id_man_953,MADRID
id_man_954,
id_man_955,GRANADA
id_man_956,MADRID
id_man_957,VALLADOLID
id_man_958,
id_man_959,
id_man_960,
id_man_961,
id_man_962,MADRID
id_man_963,
id_man_964,BARCELONA
id_man_965,MADRID
id_man_966,BARCELONA
id_man_967,
id_man_968,
id_man_969,
id_man_970,JAÉN
id_man_970,"MILÁN, ITALIA"
id_man_970,MADRID
id_man_970,"LISBOA, PORTUGAL"
id_man_971,
id_man_972,MADRID
id_man_973,MADRID
id_man_974,MADRID
id_man_975,
id_man_976,MADRID
id_man_977,
id_man_978,
id_man_979,
id_man_980,BARCELONA
id_man_981,
id_man_982,
id_man_983,
id_man_984,
id_man_985,
id_man_986,MADRID
id_man_987,
id_man_988,MADRID
id_man_989,
id_man_990,
id_man_991,MADRID
id_man_992,
id_man_993,
id_man_994,
id_man_995,
id_man_996,
id_man_997,
id_man_998,MADRID
id_man_999,
id_man_1000,
id_man_1001,MADRID
id_man_1002,MÁLAGA
id_man_1003,
id_man_1004,MADRID
id_man_1005,
id_man_1006,MADRID
id_man_1007,MADRID
id_man_1008,
id_man_1009,MADRID
id_man_1010,
id_man_1011,
id_man_1012,
id_man_1013,ZARAGOZA
id_man_1014,
id_man_1015,MADRID
id_man_1016,MÁLAGA
id_man_1017,
id_man_1018,
id_man_1019,OVIEDO
id_man_1020,
id_man_1021,MADRID
id_man_1022,MADRID
id_man_1023,
id_man_1024,MADRID
id_man_1025,
id_man_1026,
id_man_1027,
id_man_1028,VALENCIA
id_man_1029,
id_man_1030,
id_man_1031,
id_man_1032,MADRID
id_man_1033,
id_man_1034,MADRID
id_man_1035,
id_man_1036,BARCELONA
id_man_1037,
id_man_1038,
id_man_1039,MADRID
id_man_1040,
id_man_1041,
id_man_1042,
id_man_1043,
id_man_1044,
id_man_1045,BARCELONA
id_man_1046,
id_man_1047,MADRID
id_man_1048,
id_man_1049,MADRID
id_man_1050,
id_man_1051,
id_man_1052,
id_man_1053,MADRID
id_man_1053,MÁLAGA
id_man_1054,
id_man_1055,MADRID
id_man_1056,
id_man_1057,MADRID
id_man_1058,
id_man_1059,
id_man_1060,
id_man_1061,
id_man_1062,
id_man_1063,BARCELONA
id_man_1064,
id_man_1065,
id_man_1066,BARCELONA
id_man_1067,
id_man_1068,
id_man_1069,
id_man_1070,
id_man_1071,
id_man_1072,
id_man_1073,
id_man_1074,
id_man_1075,
id_man_1076,BARCELONA
id_man_1077,BARCELONA
id_man_1078,MADRID
id_man_1079,
id_man_1080,BARCELONA
id_man_1081,
id_man_1082,
id_man_1083,MADRID
id_man_1084,
id_man_1085,A CORUÑA
id_man_1086,
id_man_1087,VALENCIA
id_man_1087,MADRID
id_man_1088,BARCELONA
id_man_1089,
id_man_1090,
id_man_1091,
id_man_1092,
id_man_1093,
id_man_1094,
id_man_1095,
id_man_1096,
id_man_1097,BARCELONA
id_man_1098,
id_man_1099,A CORUÑA
id_man_1100,
id_man_1101,SEVILLA
id_man_1102,
id_man_1103,MADRID
id_man_1104,
id_man_1105,
id_man_1106,
id_man_1107,VALENCIA
id_man_1108,
id_man_1109,
id_man_1110,
id_man_1111,
id_man_1112,VALENCIA
id_man_1113,
id_man_1114,
id_man_1115,
id_man_1116,
id_man_1117,BARCELONA
id_man_1118,MADRID
id_man_1119,
id_man_1120,
id_man_1121,
id_man_1122,
id_man_1123,
id_man_1124,MADRID
id_man_1125,
id_man_1126,MADRID
id_man_1126,VALENCIA
id_man_1127,
id_man_1128,
id_man_1129,MÁLAGA
id_man_1130,MADRID
id_man_1131,
id_man_1132,BARCELONA
id_man_1133,
id_man_1134,
id_man_1135,MADRID
id_man_1136,
id_man_1137,
id_man_1138,
id_man_1139,
id_man_1140,
id_man_1141,
id_man_1142,
id_man_1143,
id_man_1144,
id_man_1145,
id_man_1146,BARCELONA
id_man_1147,MÁLAGA
id_man_1148,
id_man_1149,
id_man_1150,MADRID
id_man_1151,
id_man_1152,
id_man_1153,
id_man_1154,
id_man_1155,MADRID
id_man_1156,
id_man_1157,
id_man_1158,
id_man_1159,
id_man_1160,MADRID
id_man_1161,MADRID
id_man_1162,
id_man_1163,
id_man_1164,VALENCIA
id_man_1165,
id_man_1166,MADRID
id_man_1167,
id_man_1168,
id_man_1169,MADRID
id_man_1170,VIGO
id_man_1171,MADRID
id_man_1172,
id_man_1173,
id_man_1174,
id_man_1175,BARCELONA
id_man_1176,
id_man_1177,
id_man_1178,MADRID
id_man_1179,
id_man_1180,
id_man_1181,
id_man_1182,MADRID
id_man_1183,BARCELONA
id_man_1184,MADRID
id_man_1185,
id_man_1186,MADRID
id_man_1187,
id_man_1188,MADRID
id_man_1189,
id_man_1190,MADRID
id_man_1191,MADRID
id_man_1192,
id_man_1193,MADRID
id_man_1194,
id_man_1195,
id_man_1196,
id_man_1197,
id_man_1198,
id_man_1199,MADRID
id_man_1200,
id_man_1201,
id_man_1202,
id_man_1203,
id_man_1204,
id_man_1205,VALENCIA
id_man_1206,MÁLAGA
id_man_1207,MADRID
id_man_1208,
id_man_1209,
id_man_1210,VALENCIA
id_man_1211,
id_man_1212,
id_man_1213,
id_man_1214,
id_man_1215,
id_man_1216,
id_man_1217,BARCELONA
id_man_1218,MADRID
id_man_1219,
id_man_1220,
id_man_1221,
id_man_1222,
id_man_1223,MADRID
id_man_1224,MADRID
id_man_1225,
id_man_1226,
