tecnologia,tec_id
Python,1
C++,2
Cinema 4D,3
CRM,4
Canva,5
Trello,6
Google Analytics,7
Adobe Photoshop,8
Adobe Illustrator,9
WordPress,10
Java,11
SQL,12
SOAP,13
OpenApi,14
JavaScript,15
Cobol,16
C#,17
.NET,18
JSON,19
Angular2+,20
Microsoft Excel,21
Hubspot,22
AWS,23
Kafka,24
Argo CD,25
Flux,26
React,27
Kotlin,28
Swift,29
PostgreSQL,30
Spring,31
Azure,32
Kubernetes,33
Terraform,34
Docker,35
Linux,36
Git,37
Golang,38
Rust,39
GitLab,40
Django,41
Celery,42
Fastapi,43
MySQL,44
NodeJS,45
TypeScript,46
MVC,47
dbt,48
Google Cloud,49
Airflow,50
z/OS,51
DB2,52
PowerShell,53
Bash,54
Magento,55
Prestashop,56
BigCommerce,57
Salesforce,58
Shopify,59
WooCommerce,60
RabbitMQ,61
NextJS,62
Tailwind,63
Jenkins,64
Databricks,65
Prometheus,66
Google Sheets,67
nestJS,68
Vue,69
MQTT,70
Express,71
Koa,72
Spring Boot,73
Go,74
Bootstrap,75
Pytest,76
Github,77
PHP,78
Symfony,79
Figma,80
HTML,81
CSS,82
Jest,83
Hibernate,84
API,85
WebSockets,86
Svelte,87
BigQuery,88
Redux,89
Ansible,90
SQLServer,91
Visual Studio,92
REST,93
ETL,94
S3,95
Redshift,96
Snowflake,97
Auth0,98
Tableau,99
IIS,100
Pulumi,101
Azure DevOps,102
Laravel,103
Yii,104
AWS ECS,105
Nest,106
PySpark,107
AWS Lambda,108
Selenium,109
Appium,110
Cypress,111
RxJS,112
Clojure,113
Grafana,114
ELK,115
Spark,116
Jmeter,117
Gatling,118
Apple iOS,119
SwiftUI,120
XCTest,121
UIKit,122
Atlassian,123
Groovy,124
ServiceNow,125
Ethereum,126
Web3,127
.Net Core,128
Swagger,129
Helm,130
Datadog,131
Kong,132
Quarkus,133
Vitest,134
TestingLibrary,135
Metabase,136
Webpack,137
Elasticsearch,138
Dart,139
Flutter,140
Blender,141
Ruby on Rails,142
Citrix,143
Windows,144
VMWare,145
Hyper-v,146
Xen,147
R,148
Three.js,149
MongoDB,150
React Native,151
Jira,152
NoSQL,153
Scrapy,154
Apache Beam,155
Nagios,156
Zabbix,157
DNS,158
HTTP4s,159
Razor,160
Shiny,161
Xray,162
AWS Cloudwatch,163
Google Ads,164
Pipedrive,165
Notion,166
Monday,167
DialogFlow,168
GraphQL,169
jQuery,170
AngularJS,171
Ionic,172
Viper,173
Android,174
Slack,175
Mocha,176
junit4,177
Amplitude,178
Mixpanel,179
DynamoDB,180
SaaS,181
Redis,182
KVM,183
Solr,184
Flask,185
Sklearn,186
Google Looker Studio,187
Scala,188
Gitflow,189
ASP.net,190
Pandas,191
Numpy,192
Google Firebase,193
Riverpod,194
gRPC,195
Protobuf,196
PHPunit,197
Drupal,198
Zoho,199
Fortran,200
Vite,201
TensorFlow,202
ActiveMQ,203
Cisco,204
Microsoft Sharepoint,205
Microsoft Dynamics 365,206
Cassandra,207
Dagger2,208
Core Data,209
Ruby,210
PyTorch,211
AWS SageMaker,212
Oracle,213
Microsoft Power BI,214
Google Tag Manager,215
Maven,216
JUnit,217
Blazor,218
Microsoft,219
javacript,220
Sketch,221
Adobe Xd,222
Axure,223
InfluxDB,224
Flink,225
Postman,226
JBoss,227
Transact-SQL (T-SQL),228
PL/SQL,229
Cordova,230
BlueTooth,231
Nuxt.js,232
Babel,233
Microsoft Office 365,234
Objective-C,235
OpenCV,236
Jasmine,237
Productboard,238
Github Actions,239
openlayers,240
CARTO,241
ArcGIS,242
Leaflet,243
Geoserver,244
Google AdManager,245
Google Data Studio,246
Google Optimize,247
Couchbase,248
Elixir,249
Adobe Premiere Pro,250
Cucumber,251
Sagas,252
Apollo,253
MVVM,254
ClickHouse,255
Micronaut Framework,256
Airtable,257
Asana,258
Specflow,259
Puppeteer,260
Miro,261
Backbone,262
CMS,263
KendoUI,264
Adobe Suit,265
Apache,266
Karate,267
PACT,268
MariaDB,269
TestNg,270
AWS-User,271
Apple macOS,272
Microsoft Active Directory,273
Storybook,274
Keycloak,275
slq-server,276
GraalVM,277
FlexBox,278
Unix,279
data-lake,280
shell-scripting,281
postgres,282
rabbit,283
reactive-programming,284
Puppet,285
Unity3D,286
SAP,287
Nginx,288
Invision,289
Chef,290
Hotjar,291
LookBack,292
Maze,293
Webflow,294
CMake,295
Qt,296
Alfresco,297
MapBox,298
ChartJS,299
Google Maps,300
OpenGL,301
UML,302
Genesys,303
SIP,304
Vuex,305
VanillaJS,306
Hadoop,307
OpenShift,308
Hazelcast,309
Android Studio,310
PowerCenter,311
Microsoft SQL Integration Services (SSIS),312
Sass,313
Ember,314
Entity,315
CodeIgniter,316
OpenStack,317
NgRx,318
WPF,319
FlaUI,320
Gherkin,321
Playwright,322
SonarQube,323
Nexus,324
Fortinet,325
Vagrant,326
F5,327
Aruba,328
Infoblox,329
Palo Alto,330
Zscaler,331
MobileIron,332
PRTG,333
VMware NSX,334
WebComponents,335
New Relic,336
Confluence,337
Plesk,338
AJAX,339
SCADA,340
Kibana,341
Microstrategy,342
BI,343
Adobe Analytics,344
Adobe Campaign,345
Selligent,346
screen-scraping,347
TestFlight,348
Odoo,349
WebApi,350
RollupJS,351
YAML,352
Lucene,353
RedHat,354
Segment,355
Facebook Ads,356
Linkedin Ads,357
Bitbucket,358
Lua,359
Zend,360
CircleCI,361
Serverless,362
Zapier,363
Apache Tomcat,364
git-bash,365
abb,366
networking,367
spi,368
postman,369
c/al,370
conectividad,371
generativa,372
amazon web services,373
helm,374
microsoft d365,375
ms project,376
apis salesforce,377
ecommerce,378
sun,379
micro,380
workflow,381
calidad,382
akami waf,383
f5,384
tisax,385
sage 200,386
bpms,387
libreoffice,388
ngrx,389
project management,390
satcom,391
puppet,392
controles,393
formador,394
sap py,395
chrome,396
datafog,397
dicom,398
sapa,399
sap hcm py,400
switching,401
scripting,402
flask,403
redhat,404
sonido,405
redes,406
ethernetip,407
tomcat,408
services,409
intercom,410
duplo,411
pacemaker,412
basis,413
bom,414
fastapi,415
silk,416
elixir,417
aix,418
ddos,419
estructura de datos,420
ms sql,421
qliksense,422
eclipse,423
gpu,424
profinet,425
ptes,426
cakephp,427
rack,428
facebook,429
mssql,430
data management,431
sap trm,432
4g,433
radio,434
power platform,435
roles fsmo,436
javscript,437
c# git,438
hyperv,439
3g,440
flows,441
electronica,442
proxmox,443
batch,444
sap hcm,445
i18n,446
selenium,447
adobe,448
aws guarduty,449
sap ecc,450
redis spock,451
keras,452
rabbitmq,453
after effects,454
ssis,455
ssas,456
ddr dds,457
evergreen,458
kiwi,459
angular python,460
amfes,461
beas,462
helpdesk,463
jdbc,464
gestor proyectos,465
dataflow,466
ad,467
grid,468
wan,469
azure,470
success factors,471
time and labor,472
node,473
cis,474
cmdp,475
meraki,476
rsocket,477
fx,478
rpg,479
norkom,480
gpos,481
node js,482
django,483
micropilot,484
kubernetes,485
svn,486
contratos,487
delphi,488
javа,489
graphyco,490
testng,491
dataguard,492
virtualizacion,493
css,494
firebase,495
hp alm,496
tia portal,497
aeronautica,498
sap sd,499
spring html,500
backup,501
iatf,502
impala,503
kanban,504
primekey,505
apqp,506
cloudera,507
auditoria,508
onetrust,509
ia generativa,510
hacking,511
nginx,512
open api,513
creative cloud,514
nosql,515
plm,516
sdk,517
shopify,518
primavera,519
shell scripting,520
rest api,521
apigee,522
omeka,523
sass,524
it controlling,525
cucumber,526
hootsuite,527
lowcode,528
vmware,529
iscsi,530
devops,531
material design,532
identityiq,533
objective c,534
blockchain,535
desarrollo,536
account manager,537
rest,538
kotlin sparkjava,539
metabase,540
banca,541
nx,542
nmap,543
javascript,544
racf,545
python javascript,546
gdpr,547
testrail,548
streaming,549
arrays,550
less,551
indesign,552
gestion proyectos,553
can,554
redux,555
dhcp,556
next,557
devops jenkins,558
magerit,559
api rest,560
mongo,561
powerquery,562
gis,563
jadx,564
google search console,565
presto,566
solaris,567
afm,568
assembler,569
jcl,570
restful,571
datahubs,572
database,573
aeroespacial,574
wiremock,575
windows forms,576
flashsystem,577
soar,578
aircall,579
data services,580
security governance,581
routiing,582
qlikview,583
navision,584
automatismos,585
golang,586
siaval,587
vpn,588
analisis funcional,589
numpy,590
circleci,591
aso,592
iast,593
orms,594
banktrade,595
sap bw on hana,596
internet,597
malware,598
bruno,599
ccse,600
sketch,601
elasticsearch,602
segurid cad,603
microsoft 365,604
angular,605
sap pm,606
idea,607
lopd,608
host,609
karma,610
psql,611
criptografia,612
nemesis,613
radar,614
tealium,615
time tracking,616
control de riesgos,617
git jira,618
abap fi,619
calid pcb,620
iphone,621
fmea,622
madcap flare,623
virtualization,624
ccsm,625
salesforce,626
typescript,627
wildfly,628
playwright,629
testplan,630
safe,631
oracle financials,632
sqlserver,633
rust,634
genesys,635
oracle primavera unifier,636
mikrotik,637
hewlett packard enterprise,638
container,639
bash,640
newman,641
grc,642
vm,643
sap successfactors,644
wt directory,645
soap,646
dwdm,647
sap pp,648
entrust,649
openehr,650
flutter,651
spring,652
meta business suite,653
mysql,654
cbtc,655
lightning,656
extrahop,657
vignette,658
py,659
itam,660
nist csf,661
big data,662
smp/e,663
ils,664
jasmine,665
n1,666
sap s/4hana,667
emc,668
lpic,669
redis jooq,670
ldap,671
ignition,672
pyhton,673
dns,674
aruba,675
adabas,676
jenkin,677
junit,678
mlops,679
iso 22301,680
cda,681
directorio activo dns,682
querys,683
amqp,684
router,685
nist,686
jmeter,687
ethernet,688
gravity,689
z/os,690
make,691
illustrator,692
oracle cloud financials,693
nexus,694
editran,695
informix,696
netcore,697
altiuml,698
vxml,699
osb,700
python,701
sap srm,702
broadcam,703
sql,704
cissp,705
magento,706
new relic,707
ful,708
zynq,709
sap isu,710
adobe suite,711
jefe de proyecto,712
saucelabs,713
voip,714
azure data factory,715
groovy,716
warehouse,717
azure databricks,718
vue.js,719
tester,720
cpu,721
polyworks,722
nessus,723
ans,724
autodesk,725
material ui,726
woocommerce,727
api,728
mdm,729
opencv,730
oauth,731
entity framework,732
datalakes,733
android,734
canbus,735
siemens,736
rexx,737
delta live tables,738
power point,739
pyspark,740
google analytics,741
enkins,742
bootstrap,743
sla,744
snowflake,745
 python,746
qtest,747
qlik,748
ruby,749
databricks,750
js,751
cad,752
otan,753
team management,754
c#,755
alm,756
rxjs,757
asp,758
tag manager,759
mmic,760
mcp,761
2d,762
splunk,763
project,764
lambdas,765
fanuc,766
medios de pago,767
datamesh,768
fbd,769
profibus,770
vmax,771
openapi,772
contabilidad,773
weblogic,774
vaadin,775
wan cisco,776
pm,777
ariba,778
tecnologia,779
ia machine learning,780
rest api json lenguaje sql,781
access,782
3d,783
dynamics fo,784
microfocus,785
vsphere,786
avd,787
webcomponents,788
cobit,789
sap bw,790
optimization,791
corel draw,792
jwt,793
aruba networks,794
lifeary,795
remedy,796
shopify html,797
arcmap,798
itil,799
graphql,800
pega,801
paloalto,802
github actions,803
rtcp,804
solidworks,805
qualys,806
ssrs,807
drupal,808
brandwatch,809
rrss,810
valgrind,811
sql git,812
sysplex,813
zero code,814
airflow,815
ccna,816
meta ads,817
sparksql,818
instagram,819
odi,820
galileo,821
prinex,822
wlan,823
java,824
sap ewm,825
power automate,826
api first,827
spa,828
i+d+i,829
vb6,830
itsm,831
meta4,832
rams,833
visual basic,834
bmc helix,835
prefect,836
openai,837
spring batch,838
5why,839
process mining,840
seguridad de la informacion,841
jpa,842
model driven,843
zk,844
prince2,845
electronics,846
es6,847
office365,848
sap cva,849
aras innovator,850
vna,851
imagen,852
navisworks,853
windows defender,854
nomad,855
xray,856
fmeca,857
langchain,858
aem,859
logs,860
stk,861
alma,862
traefik,863
soc,864
loaniq,865
ffiec,866
adobe campaing,867
oracle apex,868
ab testing,869
microsoft dynamics,870
sap b1,871
springboot.,872
cybersecurity,873
dpia,874
sparkjava jooq,875
c# con asp.net,876
colas,877
arbor peakflow,878
desarrollo negocio,879
uas,880
six sigma,881
google cloud,882
sap qm,883
govsatcom,884
fiori ui5,885
ceo,886
spring boot,887
sap hybris,888
ghidra,889
ado,890
gke,891
modelos bim,892
axon,893
react js,894
workspace one,895
kql,896
microsoft office 365,897
fico,898
rundeck,899
tas,900
sap security,901
cosmos,902
dcam,903
cloud,904
oauth2,905
rest assured,906
qa,907
teamsuite,908
redis,909
scada,910
javalin gcp,911
abap,912
pl/1,913
bw,914
gcih,915
pki,916
pilar,917
rpg free,918
git maven,919
sap success factors,920
auditorias,921
swift,922
8d,923
c++,924
wai aria,925
powershell,926
oop,927
codesys,928
palo alto,929
crisc,930
asyncapi,931
infraestructuras,932
edc,933
project developer,934
hw digital,935
semrush,936
mockito,937
sap bi,938
redmine,939
appdynamics,940
development,941
arquitectura,942
plc,943
gemini,944
microfrontales,945
product owner,946
drivers,947
pcns,948
synapse,949
workforce software,950
hl7,951
sap wm,952
sailpoint,953
logstash,954
tdd,955
cypress,956
lit html,957
ios,958
node.js,959
pvdesign,960
directorio activo vmware,961
visual basic 6,962
netrefer,963
matlab,964
itom,965
microfrontends,966
pentaho,967
angularjs,968
rpg ile,969
embention,970
lamp,971
call manager,972
lwc,973
artifactory,974
kotlin,975
cloudwatch,976
monitorizacion,977
java fx,978
fpga,979
apache kafka,980
aws,981
phyton,982
postcss,983
red hat,984
edr,985
intune,986
hive,987
sql server,988
dynatrace,989
vue,990
pl1,991
its,992
oscp,993
adobe xd,994
google tag manager,995
web server,996
routing,997
as/400,998
arm,999
firefox,1000
quest identity manager,1001
dora,1002
tic,1003
middleware,1004
ceh,1005
llm,1006
gnss,1007
uipath,1008
bubble,1009
springboot,1010
entity,1011
github,1012
adobe premiere pro,1013
dam,1014
jboss,1015
tailwind,1016
cypelec,1017
hld,1018
aplicaciones legacy,1019
consultoria,1020
risk management,1021
sonar,1022
as400,1023
microsoft azure,1024
suply chain,1025
sistemas,1026
power bi,1027
 arcsight,1028
nav,1029
listas,1030
powercenter,1031
atlassian,1032
mq,1033
ninjaone,1034
ciam,1035
cpm,1036
ec2,1037
stm,1038
mbse,1039
neuvector,1040
grpc,1041
data center,1042
tekla,1043
excel,1044
glue,1045
servidores de correo,1046
sap btp,1047
ubiquiti,1048
pcb,1049
code,1050
rpa,1051
backlog,1052
iam,1053
sdet,1054
react.js,1055
zephyr,1056
arcgis,1057
juniper,1058
worksoft,1059
azure synapse pyspark,1060
ingenieria,1061
iso 14001,1062
spark,1063
dynamodb,1064
fijo,1065
karate,1066
centos,1067
sst,1068
procurve,1069
adwords,1070
rancher,1071
s4 sap hana,1072
iapp,1073
devexpress,1074
mulesoft,1075
salesforce marketing cloud,1076
stanag,1077
pmo,1078
sql python,1079
arquitectura hexagonal,1080
gdb,1081
project manager,1082
nlu,1083
igi,1084
tcp/ip,1085
myaffiliates,1086
xcode,1087
proxys,1088
ira,1089
xunit,1090
cassandra,1091
firetv,1092
ingenieria industrial,1093
screaming frog,1094
php,1095
cms,1096
qs,1097
prompts,1098
doors,1099
civil3d,1100
veeam,1101
mariadb,1102
core web api,1103
rman,1104
novell identity manager,1105
newrelic,1106
security,1107
jenkins,1108
exchange,1109
stonegate,1110
microiformatica,1111
microservicios,1112
jsf,1113
bigquery,1114
nestjs,1115
oracle,1116
aveva mes,1117
analysis,1118
peram,1119
go,1120
esxi,1121
ddd,1122
openid,1123
appian,1124
euspa,1125
metalizacion,1126
t sql,1127
ubuntu,1128
movilidad,1129
entity framerowk,1130
iis,1131
dynatrance,1132
gnc,1133
erp,1134
analisis,1135
zookeeper,1136
ml genia,1137
data lake,1138
2ee,1139
dcs,1140
cpd,1141
autoconf,1142
deep learning,1143
mainframe,1144
configuracion incial,1145
an,1146
proxies,1147
hcd,1148
pilas,1149
amazon ads,1150
aiv,1151
asp net,1152
apirest,1153
active directory,1154
jes2,1155
skype,1156
mac,1157
pv elite,1158
netbackup,1159
inventor,1160
azure ai,1161
ecm,1162
scv,1163
apis rest,1164
ivr,1165
crystal reports,1166
crm,1167
fortigate,1168
base de datos,1169
jest,1170
odoo,1171
programacion,1172
flyway rsocket,1173
solid,1174
react native,1175
arquitectura distribuida hexagonal,1176
nagios,1177
bdd,1178
office,1179
checkpoint,1180
hmi,1181
orm doctrine,1182
kafka,1183
wintel,1184
magnolia,1185
shannon,1186
sap ariba,1187
nfs,1188
sast,1189
ada,1190
hpe,1191
opentext wem,1192
cmdb,1193
vrtools,1194
microfrontend,1195
rac,1196
snmp,1197
cisco,1198
sonarqube,1199
esa,1200
certificacion ingles c1,1201
bitbucket,1202
gestion equipos,1203
citrix,1204
tableau,1205
argis,1206
tech lead,1207
cics jcl,1208
cctv,1209
iso,1210
datasphere,1211
proyectos it,1212
sora,1213
mockito api restfu,1214
wlm,1215
microsoft,1216
hp nonstop,1217
sap fi,1218
cobol,1219
bbdd,1220
maven,1221
xls,1222
pro*c,1223
c,1224
sap co,1225
qradar,1226
powerbuilder,1227
sca,1228
product manager,1229
kiuwan,1230
midelware,1231
xhtml,1232
iiss,1233
rrhh,1234
pulumi,1235
cas,1236
windpro,1237
ux,1238
sccm,1239
wmware,1240
natural,1241
azure vmware ...,1242
sap bpc,1243
crypto,1244
testing front,1245
dwh,1246
oim,1247
apx,1248
psstmm,1249
.net core,1250
.net,1251
meta,1252
seguridad,1253
j2ee,1254
ypress,1255
javalin,1256
mercado de capitales,1257
control m,1258
cto,1259
program managment,1260
design,1261
asp 3 0,1262
dingus,1263
purview,1264
burp suite,1265
cisco unity,1266
ciberseguridad,1267
siemens xhq,1268
json,1269
apache airflow,1270
calypso,1271
eagle,1272
test link,1273
telecomunicaciones,1274
infraestructura,1275
jira,1276
gitlab,1277
podman,1278
saltstack,1279
jee,1280
pwa,1281
recm,1282
cns,1283
datastorage,1284
spatialanalyzer,1285
chef,1286
swagger,1287
scriptrunner,1288
dinaymics 365,1289
aws bedrock,1290
veeam backup,1291
sap fico,1292
esatan,1293
ssl,1294
community manager,1295
suse,1296
almalinux,1297
microsoft office,1298
pvcase,1299
appcenter,1300
ibm3270,1301
esx,1302
ai,1303
ria,1304
lit element,1305
microcontroladores,1306
cygwin,1307
it,1308
spm,1309
adobe campaign,1310
ruby on rails,1311
gradle,1312
fortinet,1313
rf,1314
k8s,1315
capacitor,1316
saas,1317
ott,1318
gmail,1319
cyberark,1320
bian,1321
motherboard,1322
datawarehouse,1323
jbpm,1324
bpmn,1325
acrobat reader dc,1326
newrelic postgresql,1327
kubernentes,1328
kibana,1329
linux administration: centos,1330
comptia,1331
ajax,1332
helix,1333
google workspace,1334
docker,1335
kpi,1336
vision artificial,1337
browserstack,1338
gps,1339
postgresql elasticsearch,1340
moodle,1341
saml,1342
yaskawa,1343
db2,1344
proc,1345
nlp,1346
spring cloud,1347
redshift,1348
firewall,1349
oracle ebs,1350
eplan,1351
cordova,1352
net core,1353
netreveal,1354
sem,1355
sdwan,1356
gantt,1357
diseno web,1358
rum,1359
firewalls,1360
pruebas unitarias,1361
cypmep,1362
google meets,1363
ecss,1364
html5,1365
thetaray,1366
ado .net,1367
ia,1368
qt,1369
sto,1370
tag,1371
express,1372
pam,1373
marketing,1374
osi,1375
hashmaps sets.,1376
soti,1377
zos,1378
csx,1379
litografia,1380
transformacion digital,1381
elk,1382
fortify,1383
lld,1384
hyper v,1385
mapreduce,1386
oracle jd edwards,1387
catia,1388
business central,1389
sdlc,1390
red team,1391
sistemas operativos,1392
combine,1393
ram,1394
polars,1395
log,1396
ionic,1397
oracle forms,1398
hcm,1399
backup hpe,1400
i+d,1401
sap commerce cloud,1402
dell,1403
jcls,1404
vhdl,1405
flyway,1406
zapier,1407
teradata,1408
appium,1409
one network,1410
cype3d,1411
software,1412
machine learning,1413
blue prism,1414
linux,1415
phishing,1416
apache superset,1417
nest,1418
webdriver,1419
robotframework,1420
neo4j,1421
data science,1422
algoritmos,1423
erlang,1424
movil,1425
spc,1426
lean,1427
lakehouse,1428
airtable,1429
photosho,1430
adobe creative suite,1431
routers,1432
kafk,1433
sse,1434
was,1435
sap basis,1436
mes,1437
oci,1438
yaml,1439
ups,1440
sc,1441
collibra,1442
power center,1443
unittest,1444
nuxt.js,1445
webgl,1446
wpf,1447
npm,1448
ibm security,1449
ui/ux,1450
pos,1451
terrraform,1452
emar,1453
nextjs,1454
double click,1455
ens,1456
virtual machines,1457
servicedesk,1458
ibm,1459
sap netweaver,1460
office 365,1461
avro,1462
sap abap,1463
and javascript,1464
hybris,1465
togaf,1466
hackathon,1467
cognos,1468
wasp,1469
dlp,1470
sap fiori,1471
sap vim,1472
nist2,1473
terraform,1474
service desk,1475
javascrip,1476
rack servidores,1477
dama,1478
ctg,1479
marketing digital,1480
application server,1481
matlaby,1482
ecmascript,1483
u2a,1484
iatf16949,1485
r,1486
restapi,1487
cisco webex,1488
bff,1489
backups,1490
solarwind,1491
hp fortify,1492
postresql,1493
geomatica,1494
talend,1495
ot,1496
axure,1497
zoho,1498
htmx,1499
webapp,1500
scrum master,1501
safety,1502
rasp,1503
api restful,1504
n2,1505
casb,1506
inteligencia artificial,1507
artillery,1508
spring framework,1509
atm,1510
san brocade,1511
tibco,1512
lan,1513
photoshop,1514
san,1515
mvc,1516
exstream,1517
informatica,1518
uav,1519
hitachi,1520
canva,1521
tivoli,1522
apw,1523
servicenow,1524
scrum,1525
sketchup,1526
lrba,1527
n8n,1528
aml,1529
big query,1530
tailwindcss,1531
dgo,1532
tsql,1533
vcenter,1534
webpack,1535
wifi,1536
network,1537
it manager,1538
veu,1539
powerpoint,1540
perl,1541
websockets,1542
ktor,1543
sisnet,1544
postgresql,1545
cics,1546
livewire,1547
locust,1548
mysql postgresql,1549
shell,1550
webhook,1551
it infrastructure,1552
cableado,1553
cells,1554
apache spark,1555
apex,1556
kaizen,1557
foxpro,1558
web components,1559
ptp,1560
linq,1561
vuejs,1562
pytest,1563
netapp,1564
mongo db,1565
sentinel,1566
cisco work,1567
hibernate,1568
webmethods,1569
hmc,1570
facebook ads,1571
fiori,1572
opensearch,1573
pytorch,1574
arinc,1575
ipv4,1576
privileged access management,1577
5s,1578
html,1579
css3,1580
ccsds,1581
escaneo,1582
sage,1583
opentext,1584
vtam,1585
consultant,1586
zscaler dns/proxy,1587
sql oracle,1588
s4hana,1589
cia,1590
cnc,1591
dga,1592
jquery,1593
xilinx,1594
symantec,1595
simphony,1596
rpgiv,1597
alteryx,1598
vlan,1599
dynamics,1600
murex fo,1601
tuxedo,1602
hbase,1603
kyc,1604
linkedin ads,1605
pandas,1606
vanilla,1607
apk,1608
qkd,1609
zabbix,1610
visual code,1611
servidores,1612
osstmm,1613
nuxtjs,1614
antivirus kaspersky sophos,1615
react,1616
openshift,1617
spl,1618
webforms,1619
disaster recovery,1620
hp,1621
temenos,1622
laravel,1623
adobe creative,1624
esri,1625
ihe,1626
bpc,1627
pmp,1628
backend,1629
sistrix,1630
42gears,1631
monitoring,1632
scorm,1633
net,1634
isim,1635
wcf,1636
transact sql server,1637
mongodb,1638
o365,1639
nas,1640
mitre,1641
razor,1642
teldad,1643
aiops,1644
i2c,1645
gprs,1646
adfs,1647
prometheus,1648
sap datasphere,1649
cisco uccx,1650
open id connect,1651
camunda,1652
sap spartacus,1653
prestashop,1654
flex,1655
web api,1656
cau,1657
css5,1658
soa,1659
visualforce,1660
omnibus,1661
siemens nx,1662
vmware nsx,1663
st,1664
fortianalyzer,1665
symfony,1666
windows server,1667
j,1668
confluence,1669
xml,1670
ip,1671
gpo,1672
iso 9001,1673
murex,1674
apis,1675
industria 4 0,1676
switchs,1677
ads,1678
http,1679
successfactors,1680
boomi,1681
etl,1682
microsoft dynamics 365 bc,1683
owasp,1684
git,1685
boot,1686
telefonia movil,1687
openoffice,1688
fhir,1689
programmatic,1690
emr,1691
politicas,1692
web3,1693
microfocus alm,1694
modbus,1695
restful api,1696
chronicle,1697
pixhawk,1698
jsp,1699
switf,1700
swing,1701
web apis,1702
cvs,1703
baramundi,1704
onedrive,1705
testing,1706
struts,1707
ftth,1708
gmao,1709
debian,1710
tms,1711
workplace,1712
google,1713
memoq,1714
typo3,1715
sizmek,1716
dpo,1717
blueprism,1718
vitest,1719
a2a,1720
arinc653 apex,1721
data quality,1722
devsecops,1723
rapita,1724
cspm,1725
hyperion,1726
workday,1727
sap is u,1728
mecanica,1729
word,1730
tipping point,1731
antiddos,1732
informatica data quality,1733
directorio activo,1734
pmbok,1735
silver peak,1736
partenon,1737
wordpress,1738
avaya,1739
premiere pro,1740
microsoft exchange,1741
yocto,1742
unix,1743
iso27001,1744
zoom,1745
azure ad,1746
cisa,1747
flexera,1748
query,1749
quid,1750
apache,1751
web dynpro,1752
zod,1753
gis suit esri,1754
fibra,1755
sd wan,1756
gcc,1757
solidity,1758
quality engineering,1759
personio,1760
bi,1761
mantis,1762
producto,1763
ansys,1764
formacion,1765
hadoop,1766
altium,1767
reporting,1768
shellscript,1769
tcp,1770
pardot,1771
pl/sql,1772
sap grc,1773
c nist,1774
mern,1775
revit,1776
encor,1777
dast,1778
switch,1779
appbuilder,1780
bmc remedy,1781
gocd,1782
canoe,1783
oracle linux,1784
bat,1785
seo,1786
robotica,1787
ejbca,1788
datos,1789
m365,1790
ga4,1791
saviyint,1792
gcp,1793
b2b,1794
opentrack,1795
ipa,1796
ux/ui,1797
iot,1798
frances,1799
java ee,1800
openrail,1801
soporte,1802
one identity safeguard,1803
user experience,1804
teams,1805
sytrack,1806
switches,1807
uml,1808
waf,1809
acl,1810
visual studio,1811
sklearn,1812
jooq,1813
lambda,1814
gitops,1815
cisco viptela,1816
frida,1817
mobile,1818
microsoft sql server,1819
asp .net,1820
macos,1821
protobuf,1822
ccnp,1823
dynamics business central,1824
mvp,1825
search console,1826
tibco datasynapse,1827
powerbi,1828
asp.net,1829
ci,1830
grafana,1831
enterprise data catalog,1832
bussines central,1833
luw,1834
wso2,1835
digitalizacion,1836
ccsp,1837
zendesk,1838
pvsyst,1839
fullstack,1840
google site,1841
inteligencia artificial generativa,1842
vite,1843
coso,1844
nexthink,1845
litelement,1846
vb net,1847
rhel,1848
ci/cd,1849
cloud azure,1850
scala,1851
dockers,1852
documentation,1853
elastic,1854
rips,1855
comunicaciones,1856
peoplesoft,1857
sap,1858
microelectronica,1859
liferay,1860
radiofrecuencia,1861
siem,1862
pfsense,1863
windows,1864
spss,1865
outlook,1866
uart,1867
hubspot,1868
sap mm,1869
business intelligence,1870
autocad,1871
power apps,1872
payplus,1873
simulacion digital,1874
infoblox,1875
data,1876
agile,1877
vb,1878
automation,1879
dynamics 365,1880
google bard,1881
bpm,1882
idq,1883
kali,1884
solidedge,1885
unity,1886
waterfall,1887
sap copc,1888
hana,1889
cdp,1890
google ads,1891
snowflake & dbt,1892
swiftui,1893
microinformatica,1894
redes azure,1895
asp net mvc,1896
burp,1897
administration,1898
ansible,1899
google cloud platform,1900
hdfs,1901
couchbase,1902
rockwell,1903
xamarin,1904
tiktok ads,1905
ccsa,1906
delivery manager,1907
safeguard,1908
opera,1909
fortimanager,1910
iso 27001,1911
lin,1912
iag,1913
microstrategy,1914
bim,1915
edi,1916
sai,1917
prince 2,1918
solid edge,1919
istram,1920
sas,1921
ceph,1922
reactjs,1923
qlik sense,1924
tso,1925
tensorflow,1926
zero trust,1927
telefonia,1928
.net framework,1929
c/c++,1930
websphere,1931
patentes,1932
openstack,1933
hardware,1934
pentesting,1935
figma,1936
cism,1937
azure devops,1938
sharepoint,1939
rag,1940
sparkjava,1941
plsql,1942
isae3402,1943
analisis de datos,1944
ticketing,1945
sap business one,1946
simulink,1947
nodejs,1948
