id,tec_id
id_man_1,1
id_man_11,1
id_man_13,1
id_man_17,1
id_man_18,1
id_man_19,1
id_man_21,1
id_man_24,1
id_man_30,1
id_man_36,1
id_man_37,1
id_man_38,1
id_man_41,1
id_man_51,1
id_man_56,1
id_man_58,1
id_man_62,1
id_man_63,1
id_man_64,1
id_man_67,1
id_man_69,1
id_man_72,1
id_man_81,1
id_man_84,1
id_man_88,1
id_man_92,1
id_man_94,1
id_man_99,1
id_man_100,1
id_man_103,1
id_man_113,1
id_man_118,1
id_man_122,1
id_man_125,1
id_man_127,1
id_man_148,1
id_man_150,1
id_man_153,1
id_man_156,1
id_man_157,1
id_man_159,1
id_man_162,1
id_man_165,1
id_man_170,1
id_man_175,1
id_man_182,1
id_man_183,1
id_man_186,1
id_man_203,1
id_man_210,1
id_man_215,1
id_man_217,1
id_man_219,1
id_man_227,1
id_man_232,1
id_man_234,1
id_man_245,1
id_man_257,1
id_man_269,1
id_man_271,1
id_man_272,1
id_man_276,1
id_man_279,1
id_man_290,1
id_man_294,1
id_man_309,1
id_man_311,1
id_man_312,1
id_man_319,1
id_man_321,1
id_man_324,1
id_man_326,1
id_man_327,1
id_man_332,1
id_man_334,1
id_man_359,1
id_man_363,1
id_man_378,1
id_man_383,1
id_man_386,1
id_man_395,1
id_man_400,1
id_man_404,1
id_man_405,1
id_man_406,1
id_man_408,1
id_man_413,1
id_man_423,1
id_man_424,1
id_man_427,1
id_man_431,1
id_man_438,1
id_man_439,1
id_man_443,1
id_man_446,1
id_man_449,1
id_man_450,1
id_man_465,1
id_man_468,1
id_man_470,1
id_man_489,1
id_man_494,1
id_man_495,1
id_man_498,1
id_man_499,1
id_man_504,1
id_man_509,1
id_man_512,1
id_man_513,1
id_man_524,1
id_man_525,1
id_man_526,1
id_man_560,1
id_man_563,1
id_man_570,1
id_man_575,1
id_man_578,1
id_man_580,1
id_man_588,1
id_man_589,1
id_man_600,1
id_man_601,1
id_man_633,1
id_man_636,1
id_man_644,1
id_man_656,1
id_man_665,1
id_man_667,1
id_man_669,1
id_man_675,1
id_man_680,1
id_man_681,1
id_man_685,1
id_man_688,1
id_man_694,1
id_man_703,1
id_man_705,1
id_man_711,1
id_man_714,1
id_man_715,1
id_man_718,1
id_man_719,1
id_man_726,1
id_man_731,1
id_man_738,1
id_man_739,1
id_man_751,1
id_man_753,1
id_man_756,1
id_man_757,1
id_man_764,1
id_man_766,1
id_man_768,1
id_man_770,1
id_man_773,1
id_man_778,1
id_man_780,1
id_man_783,1
id_man_787,1
id_man_790,1
id_man_793,1
id_man_800,1
id_man_805,1
id_man_807,1
id_man_809,1
id_man_812,1
id_man_815,1
id_man_826,1
id_man_828,1
id_man_829,1
id_man_831,1
id_man_835,1
id_man_840,1
id_man_841,1
id_man_844,1
id_man_849,1
id_man_850,1
id_man_863,1
id_man_870,1
id_man_874,1
id_man_877,1
id_man_880,1
id_man_888,1
id_man_889,1
id_man_895,1
id_man_897,1
id_man_899,1
id_man_902,1
id_man_903,1
id_man_915,1
id_man_922,1
id_man_943,1
id_man_963,1
id_man_969,1
id_man_979,1
id_man_981,1
id_man_985,1
id_man_987,1
id_man_1004,1
id_man_1015,1
id_man_1022,1
id_man_1023,1
id_man_1024,1
id_man_1036,1
id_man_1037,1
id_man_1038,1
id_man_1039,1
id_man_1040,1
id_man_1060,1
id_man_1061,1
id_man_1062,1
id_man_1063,1
id_man_1064,1
id_man_1066,1
id_man_1068,1
id_man_1069,1
id_man_1073,1
id_man_1076,1
id_man_1077,1
id_man_1078,1
id_man_1088,1
id_man_1095,1
id_man_1097,1
id_man_1107,1
id_man_1108,1
id_man_1119,1
id_man_1125,1
id_man_1137,1
id_man_1141,1
id_man_1156,1
id_man_1157,1
id_man_1163,1
id_man_1166,1
id_man_1173,1
id_man_1177,1
id_man_1197,1
id_man_1199,1
id_man_1,2
id_man_4,2
id_man_127,2
id_man_176,2
id_man_187,2
id_man_302,2
id_man_367,2
id_man_383,2
id_man_423,2
id_man_426,2
id_man_432,2
id_man_527,2
id_man_531,2
id_man_574,2
id_man_643,2
id_man_659,2
id_man_682,2
id_man_687,2
id_man_973,2
id_man_979,2
id_man_1005,2
id_man_1036,2
id_man_1087,2
id_man_1172,2
id_man_1180,2
id_man_1195,2
id_man_1,3
id_man_3,4
id_man_6,4
id_man_121,4
id_man_354,4
id_man_637,4
id_man_663,4
id_man_690,4
id_man_3,5
id_man_1002,5
id_man_3,6
id_man_121,6
id_man_244,6
id_man_373,6
id_man_700,6
id_man_882,6
id_man_986,6
id_man_3,7
id_man_121,7
id_man_219,7
id_man_236,7
id_man_262,7
id_man_322,7
id_man_366,7
id_man_373,7
id_man_461,7
id_man_559,7
id_man_631,7
id_man_850,7
id_man_853,7
id_man_906,7
id_man_913,7
id_man_923,7
id_man_1002,7
id_man_1105,7
id_man_1142,7
id_man_1192,7
id_man_3,8
id_man_695,8
id_man_935,8
id_man_938,8
id_man_988,8
id_man_3,9
id_man_336,9
id_man_695,9
id_man_938,9
id_man_988,9
id_man_3,10
id_man_106,10
id_man_107,10
id_man_322,10
id_man_340,10
id_man_366,10
id_man_683,10
id_man_730,10
id_man_777,10
id_man_817,10
id_man_986,10
id_man_997,10
id_man_1020,10
id_man_4,11
id_man_7,11
id_man_10,11
id_man_16,11
id_man_25,11
id_man_30,11
id_man_34,11
id_man_35,11
id_man_42,11
id_man_43,11
id_man_60,11
id_man_79,11
id_man_86,11
id_man_97,11
id_man_98,11
id_man_105,11
id_man_108,11
id_man_109,11
id_man_132,11
id_man_135,11
id_man_142,11
id_man_144,11
id_man_148,11
id_man_156,11
id_man_157,11
id_man_161,11
id_man_167,11
id_man_177,11
id_man_185,11
id_man_189,11
id_man_190,11
id_man_192,11
id_man_196,11
id_man_201,11
id_man_211,11
id_man_217,11
id_man_223,11
id_man_226,11
id_man_228,11
id_man_232,11
id_man_246,11
id_man_247,11
id_man_251,11
id_man_255,11
id_man_298,11
id_man_300,11
id_man_306,11
id_man_310,11
id_man_311,11
id_man_321,11
id_man_328,11
id_man_329,11
id_man_331,11
id_man_335,11
id_man_339,11
id_man_343,11
id_man_345,11
id_man_351,11
id_man_352,11
id_man_361,11
id_man_381,11
id_man_392,11
id_man_394,11
id_man_395,11
id_man_401,11
id_man_402,11
id_man_405,11
id_man_414,11
id_man_419,11
id_man_424,11
id_man_427,11
id_man_432,11
id_man_433,11
id_man_434,11
id_man_436,11
id_man_439,11
id_man_447,11
id_man_452,11
id_man_458,11
id_man_488,11
id_man_490,11
id_man_498,11
id_man_507,11
id_man_518,11
id_man_536,11
id_man_537,11
id_man_540,11
id_man_545,11
id_man_551,11
id_man_553,11
id_man_558,11
id_man_561,11
id_man_571,11
id_man_572,11
id_man_578,11
id_man_584,11
id_man_587,11
id_man_588,11
id_man_596,11
id_man_599,11
id_man_600,11
id_man_608,11
id_man_633,11
id_man_634,11
id_man_639,11
id_man_646,11
id_man_651,11
id_man_652,11
id_man_674,11
id_man_682,11
id_man_691,11
id_man_697,11
id_man_699,11
id_man_701,11
id_man_705,11
id_man_706,11
id_man_707,11
id_man_713,11
id_man_735,11
id_man_740,11
id_man_745,11
id_man_750,11
id_man_752,11
id_man_756,11
id_man_763,11
id_man_764,11
id_man_767,11
id_man_770,11
id_man_775,11
id_man_790,11
id_man_795,11
id_man_797,11
id_man_804,11
id_man_814,11
id_man_819,11
id_man_828,11
id_man_834,11
id_man_838,11
id_man_868,11
id_man_869,11
id_man_874,11
id_man_885,11
id_man_891,11
id_man_899,11
id_man_900,11
id_man_904,11
id_man_908,11
id_man_912,11
id_man_917,11
id_man_926,11
id_man_931,11
id_man_933,11
id_man_945,11
id_man_953,11
id_man_966,11
id_man_967,11
id_man_972,11
id_man_976,11
id_man_987,11
id_man_994,11
id_man_1007,11
id_man_1011,11
id_man_1013,11
id_man_1014,11
id_man_1028,11
id_man_1032,11
id_man_1043,11
id_man_1044,11
id_man_1049,11
id_man_1053,11
id_man_1054,11
id_man_1061,11
id_man_1067,11
id_man_1071,11
id_man_1091,11
id_man_1097,11
id_man_1100,11
id_man_1102,11
id_man_1103,11
id_man_1110,11
id_man_1112,11
id_man_1122,11
id_man_1125,11
id_man_1133,11
id_man_1134,11
id_man_1137,11
id_man_1143,11
id_man_1144,11
id_man_1150,11
id_man_1155,11
id_man_1179,11
id_man_1183,11
id_man_1190,11
id_man_1199,11
id_man_1224,11
id_man_4,12
id_man_5,12
id_man_7,12
id_man_13,12
id_man_16,12
id_man_18,12
id_man_21,12
id_man_25,12
id_man_31,12
id_man_37,12
id_man_43,12
id_man_51,12
id_man_58,12
id_man_63,12
id_man_64,12
id_man_67,12
id_man_75,12
id_man_78,12
id_man_81,12
id_man_93,12
id_man_94,12
id_man_118,12
id_man_135,12
id_man_147,12
id_man_148,12
id_man_156,12
id_man_167,12
id_man_177,12
id_man_183,12
id_man_189,12
id_man_209,12
id_man_211,12
id_man_216,12
id_man_217,12
id_man_219,12
id_man_228,12
id_man_232,12
id_man_245,12
id_man_251,12
id_man_257,12
id_man_260,12
id_man_267,12
id_man_272,12
id_man_295,12
id_man_325,12
id_man_326,12
id_man_332,12
id_man_334,12
id_man_345,12
id_man_351,12
id_man_358,12
id_man_363,12
id_man_371,12
id_man_394,12
id_man_400,12
id_man_407,12
id_man_408,12
id_man_414,12
id_man_416,12
id_man_424,12
id_man_448,12
id_man_459,12
id_man_466,12
id_man_472,12
id_man_477,12
id_man_488,12
id_man_489,12
id_man_519,12
id_man_522,12
id_man_524,12
id_man_533,12
id_man_542,12
id_man_562,12
id_man_563,12
id_man_654,12
id_man_655,12
id_man_667,12
id_man_669,12
id_man_681,12
id_man_688,12
id_man_689,12
id_man_691,12
id_man_697,12
id_man_699,12
id_man_701,12
id_man_711,12
id_man_714,12
id_man_715,12
id_man_724,12
id_man_740,12
id_man_742,12
id_man_756,12
id_man_758,12
id_man_759,12
id_man_768,12
id_man_769,12
id_man_773,12
id_man_778,12
id_man_783,12
id_man_785,12
id_man_786,12
id_man_809,12
id_man_812,12
id_man_816,12
id_man_823,12
id_man_826,12
id_man_835,12
id_man_840,12
id_man_850,12
id_man_853,12
id_man_857,12
id_man_888,12
id_man_890,12
id_man_902,12
id_man_917,12
id_man_921,12
id_man_930,12
id_man_949,12
id_man_967,12
id_man_970,12
id_man_976,12
id_man_984,12
id_man_1007,12
id_man_1023,12
id_man_1025,12
id_man_1038,12
id_man_1058,12
id_man_1073,12
id_man_1075,12
id_man_1076,12
id_man_1077,12
id_man_1096,12
id_man_1157,12
id_man_1170,12
id_man_1172,12
id_man_1175,12
id_man_1177,12
id_man_1221,12
id_man_4,13
id_man_46,13
id_man_192,13
id_man_217,13
id_man_226,13
id_man_885,13
id_man_933,13
id_man_4,14
id_man_739,14
id_man_757,14
id_man_4,15
id_man_17,15
id_man_20,15
id_man_33,15
id_man_35,15
id_man_38,15
id_man_39,15
id_man_41,15
id_man_43,15
id_man_44,15
id_man_51,15
id_man_61,15
id_man_64,15
id_man_65,15
id_man_74,15
id_man_95,15
id_man_101,15
id_man_112,15
id_man_116,15
id_man_117,15
id_man_118,15
id_man_119,15
id_man_122,15
id_man_123,15
id_man_124,15
id_man_128,15
id_man_131,15
id_man_133,15
id_man_146,15
id_man_149,15
id_man_150,15
id_man_154,15
id_man_155,15
id_man_159,15
id_man_166,15
id_man_167,15
id_man_180,15
id_man_195,15
id_man_196,15
id_man_203,15
id_man_205,15
id_man_206,15
id_man_208,15
id_man_214,15
id_man_218,15
id_man_234,15
id_man_236,15
id_man_240,15
id_man_243,15
id_man_251,15
id_man_265,15
id_man_266,15
id_man_273,15
id_man_279,15
id_man_281,15
id_man_283,15
id_man_293,15
id_man_296,15
id_man_297,15
id_man_306,15
id_man_323,15
id_man_338,15
id_man_340,15
id_man_342,15
id_man_343,15
id_man_347,15
id_man_361,15
id_man_368,15
id_man_370,15
id_man_371,15
id_man_376,15
id_man_379,15
id_man_383,15
id_man_392,15
id_man_398,15
id_man_399,15
id_man_401,15
id_man_403,15
id_man_407,15
id_man_422,15
id_man_428,15
id_man_438,15
id_man_440,15
id_man_441,15
id_man_448,15
id_man_454,15
id_man_457,15
id_man_459,15
id_man_461,15
id_man_462,15
id_man_466,15
id_man_468,15
id_man_469,15
id_man_470,15
id_man_478,15
id_man_479,15
id_man_482,15
id_man_492,15
id_man_502,15
id_man_505,15
id_man_517,15
id_man_523,15
id_man_529,15
id_man_532,15
id_man_533,15
id_man_538,15
id_man_539,15
id_man_548,15
id_man_549,15
id_man_550,15
id_man_552,15
id_man_554,15
id_man_562,15
id_man_564,15
id_man_565,15
id_man_566,15
id_man_569,15
id_man_572,15
id_man_573,15
id_man_576,15
id_man_584,15
id_man_585,15
id_man_586,15
id_man_592,15
id_man_598,15
id_man_604,15
id_man_629,15
id_man_635,15
id_man_642,15
id_man_648,15
id_man_653,15
id_man_657,15
id_man_658,15
id_man_660,15
id_man_666,15
id_man_668,15
id_man_669,15
id_man_685,15
id_man_693,15
id_man_701,15
id_man_704,15
id_man_712,15
id_man_718,15
id_man_733,15
id_man_734,15
id_man_739,15
id_man_740,15
id_man_743,15
id_man_748,15
id_man_757,15
id_man_765,15
id_man_767,15
id_man_773,15
id_man_774,15
id_man_777,15
id_man_782,15
id_man_789,15
id_man_790,15
id_man_795,15
id_man_796,15
id_man_810,15
id_man_817,15
id_man_828,15
id_man_829,15
id_man_839,15
id_man_842,15
id_man_847,15
id_man_852,15
id_man_855,15
id_man_861,15
id_man_862,15
id_man_865,15
id_man_867,15
id_man_870,15
id_man_875,15
id_man_880,15
id_man_881,15
id_man_887,15
id_man_895,15
id_man_904,15
id_man_914,15
id_man_922,15
id_man_932,15
id_man_937,15
id_man_939,15
id_man_942,15
id_man_947,15
id_man_948,15
id_man_954,15
id_man_959,15
id_man_962,15
id_man_968,15
id_man_976,15
id_man_991,15
id_man_999,15
id_man_1007,15
id_man_1011,15
id_man_1012,15
id_man_1013,15
id_man_1015,15
id_man_1019,15
id_man_1020,15
id_man_1034,15
id_man_1039,15
id_man_1041,15
id_man_1046,15
id_man_1048,15
id_man_1052,15
id_man_1056,15
id_man_1058,15
id_man_1063,15
id_man_1065,15
id_man_1072,15
id_man_1080,15
id_man_1081,15
id_man_1082,15
id_man_1083,15
id_man_1086,15
id_man_1102,15
id_man_1103,15
id_man_1109,15
id_man_1110,15
id_man_1111,15
id_man_1113,15
id_man_1117,15
id_man_1123,15
id_man_1137,15
id_man_1140,15
id_man_1145,15
id_man_1146,15
id_man_1148,15
id_man_1149,15
id_man_1158,15
id_man_1161,15
id_man_1164,15
id_man_1167,15
id_man_1175,15
id_man_1181,15
id_man_1184,15
id_man_1185,15
id_man_1189,15
id_man_1192,15
id_man_1199,15
id_man_1221,15
id_man_4,16
id_man_5,17
id_man_50,17
id_man_68,17
id_man_75,17
id_man_84,17
id_man_93,17
id_man_96,17
id_man_125,17
id_man_187,17
id_man_198,17
id_man_234,17
id_man_238,17
id_man_251,17
id_man_281,17
id_man_310,17
id_man_316,17
id_man_325,17
id_man_365,17
id_man_369,17
id_man_396,17
id_man_435,17
id_man_459,17
id_man_477,17
id_man_527,17
id_man_533,17
id_man_534,17
id_man_563,17
id_man_581,17
id_man_635,17
id_man_655,17
id_man_675,17
id_man_689,17
id_man_701,17
id_man_704,17
id_man_717,17
id_man_724,17
id_man_758,17
id_man_760,17
id_man_823,17
id_man_843,17
id_man_847,17
id_man_872,17
id_man_887,17
id_man_890,17
id_man_930,17
id_man_968,17
id_man_1025,17
id_man_1036,17
id_man_1086,17
id_man_1099,17
id_man_1139,17
id_man_1150,17
id_man_1176,17
id_man_1180,17
id_man_1195,17
id_man_5,18
id_man_24,18
id_man_41,18
id_man_46,18
id_man_78,18
id_man_86,18
id_man_93,18
id_man_96,18
id_man_97,18
id_man_114,18
id_man_115,18
id_man_124,18
id_man_125,18
id_man_126,18
id_man_129,18
id_man_164,18
id_man_169,18
id_man_234,18
id_man_238,18
id_man_251,18
id_man_255,18
id_man_274,18
id_man_281,18
id_man_316,18
id_man_365,18
id_man_396,18
id_man_435,18
id_man_459,18
id_man_467,18
id_man_527,18
id_man_533,18
id_man_551,18
id_man_581,18
id_man_635,18
id_man_645,18
id_man_655,18
id_man_689,18
id_man_704,18
id_man_724,18
id_man_729,18
id_man_731,18
id_man_758,18
id_man_760,18
id_man_769,18
id_man_802,18
id_man_823,18
id_man_843,18
id_man_869,18
id_man_871,18
id_man_890,18
id_man_901,18
id_man_930,18
id_man_1012,18
id_man_1079,18
id_man_1086,18
id_man_1099,18
id_man_1133,18
id_man_1150,18
id_man_1164,18
id_man_1176,18
id_man_1180,18
id_man_1195,18
id_man_5,19
id_man_5,20
id_man_34,20
id_man_39,20
id_man_41,20
id_man_46,20
id_man_65,20
id_man_69,20
id_man_97,20
id_man_98,20
id_man_103,20
id_man_115,20
id_man_119,20
id_man_129,20
id_man_150,20
id_man_169,20
id_man_192,20
id_man_203,20
id_man_208,20
id_man_218,20
id_man_226,20
id_man_274,20
id_man_297,20
id_man_310,20
id_man_314,20
id_man_325,20
id_man_328,20
id_man_329,20
id_man_339,20
id_man_347,20
id_man_349,20
id_man_361,20
id_man_376,20
id_man_434,20
id_man_435,20
id_man_442,20
id_man_454,20
id_man_457,20
id_man_465,20
id_man_482,20
id_man_502,20
id_man_522,20
id_man_527,20
id_man_533,20
id_man_540,20
id_man_546,20
id_man_556,20
id_man_565,20
id_man_573,20
id_man_592,20
id_man_600,20
id_man_604,20
id_man_629,20
id_man_653,20
id_man_655,20
id_man_666,20
id_man_694,20
id_man_717,20
id_man_724,20
id_man_725,20
id_man_747,20
id_man_752,20
id_man_755,20
id_man_760,20
id_man_767,20
id_man_782,20
id_man_794,20
id_man_799,20
id_man_802,20
id_man_804,20
id_man_821,20
id_man_824,20
id_man_836,20
id_man_864,20
id_man_865,20
id_man_869,20
id_man_871,20
id_man_872,20
id_man_874,20
id_man_885,20
id_man_933,20
id_man_934,20
id_man_937,20
id_man_941,20
id_man_953,20
id_man_954,20
id_man_959,20
id_man_968,20
id_man_977,20
id_man_999,20
id_man_1012,20
id_man_1027,20
id_man_1048,20
id_man_1053,20
id_man_1054,20
id_man_1072,20
id_man_1103,20
id_man_1137,20
id_man_1139,20
id_man_1147,20
id_man_1161,20
id_man_1164,20
id_man_1176,20
id_man_1180,20
id_man_1192,20
id_man_1195,20
id_man_1199,20
id_man_6,21
id_man_31,21
id_man_461,21
id_man_637,21
id_man_6,22
id_man_54,22
id_man_637,22
id_man_644,22
id_man_986,22
id_man_1002,22
id_man_7,23
id_man_13,23
id_man_14,23
id_man_17,23
id_man_18,23
id_man_19,23
id_man_24,23
id_man_28,23
id_man_29,23
id_man_30,23
id_man_32,23
id_man_34,23
id_man_35,23
id_man_36,23
id_man_37,23
id_man_38,23
id_man_42,23
id_man_43,23
id_man_48,23
id_man_50,23
id_man_51,23
id_man_56,23
id_man_57,23
id_man_58,23
id_man_62,23
id_man_63,23
id_man_64,23
id_man_68,23
id_man_72,23
id_man_74,23
id_man_77,23
id_man_79,23
id_man_90,23
id_man_98,23
id_man_99,23
id_man_102,23
id_man_105,23
id_man_114,23
id_man_116,23
id_man_117,23
id_man_124,23
id_man_135,23
id_man_142,23
id_man_162,23
id_man_164,23
id_man_165,23
id_man_169,23
id_man_170,23
id_man_173,23
id_man_177,23
id_man_179,23
id_man_185,23
id_man_188,23
id_man_194,23
id_man_196,23
id_man_199,23
id_man_209,23
id_man_211,23
id_man_223,23
id_man_227,23
id_man_228,23
id_man_232,23
id_man_235,23
id_man_243,23
id_man_245,23
id_man_246,23
id_man_247,23
id_man_248,23
id_man_257,23
id_man_269,23
id_man_271,23
id_man_273,23
id_man_276,23
id_man_286,23
id_man_290,23
id_man_294,23
id_man_295,23
id_man_300,23
id_man_304,23
id_man_308,23
id_man_311,23
id_man_312,23
id_man_315,23
id_man_318,23
id_man_319,23
id_man_320,23
id_man_323,23
id_man_324,23
id_man_326,23
id_man_327,23
id_man_329,23
id_man_331,23
id_man_345,23
id_man_351,23
id_man_358,23
id_man_360,23
id_man_368,23
id_man_374,23
id_man_379,23
id_man_381,23
id_man_384,23
id_man_386,23
id_man_392,23
id_man_394,23
id_man_395,23
id_man_400,23
id_man_404,23
id_man_407,23
id_man_410,23
id_man_413,23
id_man_414,23
id_man_417,23
id_man_419,23
id_man_424,23
id_man_431,23
id_man_436,23
id_man_439,23
id_man_441,23
id_man_442,23
id_man_447,23
id_man_449,23
id_man_450,23
id_man_452,23
id_man_453,23
id_man_455,23
id_man_458,23
id_man_460,23
id_man_462,23
id_man_466,23
id_man_472,23
id_man_476,23
id_man_486,23
id_man_487,23
id_man_490,23
id_man_493,23
id_man_494,23
id_man_495,23
id_man_498,23
id_man_499,23
id_man_504,23
id_man_506,23
id_man_507,23
id_man_509,23
id_man_511,23
id_man_513,23
id_man_518,23
id_man_520,23
id_man_524,23
id_man_526,23
id_man_532,23
id_man_535,23
id_man_536,23
id_man_537,23
id_man_538,23
id_man_540,23
id_man_542,23
id_man_545,23
id_man_546,23
id_man_553,23
id_man_558,23
id_man_561,23
id_man_562,23
id_man_570,23
id_man_572,23
id_man_574,23
id_man_578,23
id_man_581,23
id_man_583,23
id_man_586,23
id_man_587,23
id_man_589,23
id_man_597,23
id_man_599,23
id_man_600,23
id_man_633,23
id_man_636,23
id_man_639,23
id_man_647,23
id_man_656,23
id_man_662,23
id_man_668,23
id_man_671,23
id_man_680,23
id_man_681,23
id_man_705,23
id_man_710,23
id_man_711,23
id_man_713,23
id_man_726,23
id_man_729,23
id_man_730,23
id_man_731,23
id_man_735,23
id_man_736,23
id_man_739,23
id_man_750,23
id_man_751,23
id_man_753,23
id_man_757,23
id_man_764,23
id_man_765,23
id_man_768,23
id_man_773,23
id_man_775,23
id_man_787,23
id_man_788,23
id_man_790,23
id_man_800,23
id_man_802,23
id_man_804,23
id_man_805,23
id_man_806,23
id_man_807,23
id_man_812,23
id_man_814,23
id_man_815,23
id_man_816,23
id_man_820,23
id_man_827,23
id_man_829,23
id_man_831,23
id_man_835,23
id_man_837,23
id_man_839,23
id_man_840,23
id_man_849,23
id_man_857,23
id_man_858,23
id_man_859,23
id_man_869,23
id_man_873,23
id_man_880,23
id_man_889,23
id_man_899,23
id_man_900,23
id_man_903,23
id_man_908,23
id_man_915,23
id_man_916,23
id_man_917,23
id_man_918,23
id_man_920,23
id_man_921,23
id_man_926,23
id_man_939,23
id_man_944,23
id_man_948,23
id_man_949,23
id_man_952,23
id_man_953,23
id_man_960,23
id_man_961,23
id_man_962,23
id_man_963,23
id_man_966,23
id_man_967,23
id_man_969,23
id_man_976,23
id_man_979,23
id_man_981,23
id_man_994,23
id_man_996,23
id_man_1006,23
id_man_1007,23
id_man_1010,23
id_man_1011,23
id_man_1014,23
id_man_1016,23
id_man_1017,23
id_man_1018,23
id_man_1026,23
id_man_1027,23
id_man_1031,23
id_man_1037,23
id_man_1039,23
id_man_1041,23
id_man_1043,23
id_man_1044,23
id_man_1046,23
id_man_1047,23
id_man_1049,23
id_man_1054,23
id_man_1055,23
id_man_1056,23
id_man_1058,23
id_man_1060,23
id_man_1061,23
id_man_1064,23
id_man_1067,23
id_man_1068,23
id_man_1069,23
id_man_1070,23
id_man_1071,23
id_man_1073,23
id_man_1075,23
id_man_1077,23
id_man_1078,23
id_man_1085,23
id_man_1093,23
id_man_1096,23
id_man_1102,23
id_man_1110,23
id_man_1114,23
id_man_1117,23
id_man_1121,23
id_man_1124,23
id_man_1127,23
id_man_1134,23
id_man_1141,23
id_man_1143,23
id_man_1144,23
id_man_1145,23
id_man_1149,23
id_man_1152,23
id_man_1155,23
id_man_1163,23
id_man_1171,23
id_man_1177,23
id_man_1179,23
id_man_1181,23
id_man_1190,23
id_man_1206,23
id_man_7,24
id_man_10,24
id_man_35,24
id_man_47,24
id_man_60,24
id_man_98,24
id_man_105,24
id_man_108,24
id_man_142,24
id_man_157,24
id_man_177,24
id_man_185,24
id_man_211,24
id_man_228,24
id_man_232,24
id_man_242,24
id_man_320,24
id_man_345,24
id_man_351,24
id_man_355,24
id_man_360,24
id_man_394,24
id_man_400,24
id_man_413,24
id_man_414,24
id_man_420,24
id_man_436,24
id_man_509,24
id_man_513,24
id_man_536,24
id_man_634,24
id_man_674,24
id_man_699,24
id_man_756,24
id_man_803,24
id_man_908,24
id_man_916,24
id_man_917,24
id_man_926,24
id_man_970,24
id_man_1014,24
id_man_1071,24
id_man_1079,24
id_man_1134,24
id_man_1177,24
id_man_1224,24
id_man_7,25
id_man_30,25
id_man_633,25
id_man_7,26
id_man_7,27
id_man_20,27
id_man_28,27
id_man_34,27
id_man_35,27
id_man_39,27
id_man_41,27
id_man_51,27
id_man_55,27
id_man_61,27
id_man_65,27
id_man_73,27
id_man_74,27
id_man_80,27
id_man_83,27
id_man_90,27
id_man_92,27
id_man_100,27
id_man_101,27
id_man_102,27
id_man_103,27
id_man_112,27
id_man_113,27
id_man_116,27
id_man_119,27
id_man_129,27
id_man_131,27
id_man_136,27
id_man_143,27
id_man_145,27
id_man_146,27
id_man_148,27
id_man_152,27
id_man_162,27
id_man_166,27
id_man_174,27
id_man_178,27
id_man_182,27
id_man_191,27
id_man_193,27
id_man_195,27
id_man_196,27
id_man_198,27
id_man_215,27
id_man_222,27
id_man_236,27
id_man_240,27
id_man_248,27
id_man_263,27
id_man_265,27
id_man_266,27
id_man_278,27
id_man_279,27
id_man_289,27
id_man_293,27
id_man_299,27
id_man_306,27
id_man_311,27
id_man_317,27
id_man_321,27
id_man_323,27
id_man_340,27
id_man_351,27
id_man_368,27
id_man_375,27
id_man_376,27
id_man_383,27
id_man_384,27
id_man_394,27
id_man_398,27
id_man_403,27
id_man_422,27
id_man_423,27
id_man_428,27
id_man_454,27
id_man_459,27
id_man_462,27
id_man_469,27
id_man_470,27
id_man_471,27
id_man_478,27
id_man_479,27
id_man_480,27
id_man_482,27
id_man_491,27
id_man_492,27
id_man_510,27
id_man_516,27
id_man_517,27
id_man_522,27
id_man_529,27
id_man_539,27
id_man_542,27
id_man_545,27
id_man_548,27
id_man_549,27
id_man_550,27
id_man_551,27
id_man_552,27
id_man_556,27
id_man_564,27
id_man_565,27
id_man_566,27
id_man_573,27
id_man_576,27
id_man_578,27
id_man_580,27
id_man_584,27
id_man_585,27
id_man_586,27
id_man_592,27
id_man_593,27
id_man_595,27
id_man_598,27
id_man_601,27
id_man_604,27
id_man_629,27
id_man_647,27
id_man_648,27
id_man_653,27
id_man_655,27
id_man_668,27
id_man_672,27
id_man_676,27
id_man_685,27
id_man_694,27
id_man_718,27
id_man_725,27
id_man_730,27
id_man_734,27
id_man_748,27
id_man_755,27
id_man_765,27
id_man_770,27
id_man_772,27
id_man_780,27
id_man_789,27
id_man_794,27
id_man_810,27
id_man_828,27
id_man_829,27
id_man_839,27
id_man_844,27
id_man_845,27
id_man_847,27
id_man_860,27
id_man_874,27
id_man_875,27
id_man_886,27
id_man_887,27
id_man_895,27
id_man_904,27
id_man_921,27
id_man_922,27
id_man_924,27
id_man_926,27
id_man_939,27
id_man_941,27
id_man_948,27
id_man_950,27
id_man_959,27
id_man_972,27
id_man_975,27
id_man_982,27
id_man_987,27
id_man_991,27
id_man_992,27
id_man_997,27
id_man_999,27
id_man_1003,27
id_man_1006,27
id_man_1017,27
id_man_1020,27
id_man_1031,27
id_man_1034,27
id_man_1047,27
id_man_1048,27
id_man_1059,27
id_man_1072,27
id_man_1075,27
id_man_1080,27
id_man_1083,27
id_man_1095,27
id_man_1096,27
id_man_1100,27
id_man_1103,27
id_man_1109,27
id_man_1111,27
id_man_1113,27
id_man_1115,27
id_man_1121,27
id_man_1123,27
id_man_1125,27
id_man_1140,27
id_man_1145,27
id_man_1146,27
id_man_1148,27
id_man_1149,27
id_man_1154,27
id_man_1158,27
id_man_1161,27
id_man_1178,27
id_man_1183,27
id_man_1184,27
id_man_1185,27
id_man_8,28
id_man_47,28
id_man_79,28
id_man_140,28
id_man_142,28
id_man_145,28
id_man_158,28
id_man_161,28
id_man_171,28
id_man_185,28
id_man_189,28
id_man_200,28
id_man_211,28
id_man_228,28
id_man_238,28
id_man_311,28
id_man_316,28
id_man_345,28
id_man_348,28
id_man_380,28
id_man_414,28
id_man_432,28
id_man_499,28
id_man_500,28
id_man_528,28
id_man_553,28
id_man_561,28
id_man_571,28
id_man_572,28
id_man_587,28
id_man_596,28
id_man_638,28
id_man_652,28
id_man_682,28
id_man_698,28
id_man_713,28
id_man_750,28
id_man_755,28
id_man_770,28
id_man_822,28
id_man_891,28
id_man_898,28
id_man_905,28
id_man_912,28
id_man_913,28
id_man_917,28
id_man_926,28
id_man_940,28
id_man_945,28
id_man_983,28
id_man_1071,28
id_man_1085,28
id_man_1091,28
id_man_1105,28
id_man_1110,28
id_man_1126,28
id_man_1130,28
id_man_1133,28
id_man_1134,28
id_man_1179,28
id_man_8,29
id_man_66,29
id_man_140,29
id_man_145,29
id_man_158,29
id_man_161,29
id_man_202,29
id_man_204,29
id_man_268,29
id_man_291,29
id_man_305,29
id_man_313,29
id_man_348,29
id_man_388,29
id_man_425,29
id_man_494,29
id_man_500,29
id_man_528,29
id_man_557,29
id_man_559,29
id_man_696,29
id_man_698,29
id_man_923,29
id_man_957,29
id_man_978,29
id_man_993,29
id_man_1000,29
id_man_1091,29
id_man_1130,29
id_man_1168,29
id_man_1188,29
id_man_9,30
id_man_13,30
id_man_17,30
id_man_18,30
id_man_19,30
id_man_37,30
id_man_42,30
id_man_44,30
id_man_48,30
id_man_50,30
id_man_56,30
id_man_57,30
id_man_68,30
id_man_99,30
id_man_103,30
id_man_117,30
id_man_150,30
id_man_153,30
id_man_159,30
id_man_165,30
id_man_192,30
id_man_193,30
id_man_196,30
id_man_199,30
id_man_206,30
id_man_226,30
id_man_227,30
id_man_232,30
id_man_234,30
id_man_252,30
id_man_312,30
id_man_330,30
id_man_333,30
id_man_335,30
id_man_339,30
id_man_342,30
id_man_355,30
id_man_375,30
id_man_396,30
id_man_400,30
id_man_402,30
id_man_423,30
id_man_433,30
id_man_439,30
id_man_468,30
id_man_509,30
id_man_510,30
id_man_513,30
id_man_560,30
id_man_564,30
id_man_575,30
id_man_576,30
id_man_578,30
id_man_586,30
id_man_597,30
id_man_598,30
id_man_599,30
id_man_636,30
id_man_646,30
id_man_666,30
id_man_676,30
id_man_703,30
id_man_726,30
id_man_732,30
id_man_743,30
id_man_761,30
id_man_787,30
id_man_793,30
id_man_800,30
id_man_814,30
id_man_816,30
id_man_841,30
id_man_843,30
id_man_855,30
id_man_862,30
id_man_879,30
id_man_883,30
id_man_884,30
id_man_885,30
id_man_895,30
id_man_933,30
id_man_955,30
id_man_961,30
id_man_999,30
id_man_1011,30
id_man_1012,30
id_man_1015,30
id_man_1024,30
id_man_1029,30
id_man_1032,30
id_man_1039,30
id_man_1062,30
id_man_1064,30
id_man_1065,30
id_man_1070,30
id_man_1114,30
id_man_1127,30
id_man_1132,30
id_man_1143,30
id_man_1150,30
id_man_1152,30
id_man_1157,30
id_man_1173,30
id_man_1181,30
id_man_1191,30
id_man_1221,30
id_man_10,31
id_man_16,31
id_man_25,31
id_man_42,31
id_man_60,31
id_man_108,31
id_man_135,31
id_man_144,31
id_man_185,31
id_man_201,31
id_man_211,31
id_man_228,31
id_man_246,31
id_man_298,31
id_man_300,31
id_man_306,31
id_man_328,31
id_man_329,31
id_man_335,31
id_man_345,31
id_man_381,31
id_man_392,31
id_man_402,31
id_man_414,31
id_man_447,31
id_man_458,31
id_man_488,31
id_man_490,31
id_man_537,31
id_man_540,31
id_man_545,31
id_man_553,31
id_man_558,31
id_man_578,31
id_man_587,31
id_man_588,31
id_man_599,31
id_man_634,31
id_man_706,31
id_man_707,31
id_man_745,31
id_man_775,31
id_man_790,31
id_man_797,31
id_man_838,31
id_man_899,31
id_man_900,31
id_man_904,31
id_man_908,31
id_man_917,31
id_man_926,31
id_man_931,31
id_man_953,31
id_man_976,31
id_man_994,31
id_man_1007,31
id_man_1011,31
id_man_1053,31
id_man_1100,31
id_man_1102,31
id_man_1143,31
id_man_1145,31
id_man_1155,31
id_man_1190,31
id_man_10,32
id_man_28,32
id_man_34,32
id_man_35,32
id_man_53,32
id_man_60,32
id_man_69,32
id_man_74,32
id_man_75,32
id_man_78,32
id_man_84,32
id_man_93,32
id_man_96,32
id_man_105,32
id_man_125,32
id_man_169,32
id_man_182,32
id_man_198,32
id_man_220,32
id_man_235,32
id_man_258,32
id_man_273,32
id_man_274,32
id_man_281,32
id_man_285,32
id_man_325,32
id_man_360,32
id_man_378,32
id_man_459,32
id_man_506,32
id_man_518,32
id_man_520,32
id_man_533,32
id_man_544,32
id_man_551,32
id_man_563,32
id_man_578,32
id_man_634,32
id_man_635,32
id_man_640,32
id_man_655,32
id_man_674,32
id_man_675,32
id_man_689,32
id_man_694,32
id_man_704,32
id_man_724,32
id_man_726,32
id_man_739,32
id_man_757,32
id_man_758,32
id_man_759,32
id_man_761,32
id_man_763,32
id_man_764,32
id_man_765,32
id_man_769,32
id_man_787,32
id_man_802,32
id_man_836,32
id_man_847,32
id_man_871,32
id_man_887,32
id_man_930,32
id_man_936,32
id_man_996,32
id_man_1016,32
id_man_1018,32
id_man_1028,32
id_man_1051,32
id_man_1064,32
id_man_1079,32
id_man_1216,32
id_man_10,33
id_man_29,33
id_man_30,33
id_man_32,33
id_man_34,33
id_man_53,33
id_man_60,33
id_man_69,33
id_man_72,33
id_man_75,33
id_man_77,33
id_man_93,33
id_man_94,33
id_man_96,33
id_man_106,33
id_man_113,33
id_man_116,33
id_man_132,33
id_man_144,33
id_man_151,33
id_man_154,33
id_man_165,33
id_man_179,33
id_man_183,33
id_man_184,33
id_man_186,33
id_man_188,33
id_man_190,33
id_man_194,33
id_man_220,33
id_man_226,33
id_man_227,33
id_man_250,33
id_man_285,33
id_man_286,33
id_man_290,33
id_man_298,33
id_man_304,33
id_man_315,33
id_man_326,33
id_man_327,33
id_man_330,33
id_man_334,33
id_man_343,33
id_man_355,33
id_man_360,33
id_man_370,33
id_man_374,33
id_man_378,33
id_man_379,33
id_man_397,33
id_man_420,33
id_man_448,33
id_man_450,33
id_man_455,33
id_man_506,33
id_man_518,33
id_man_535,33
id_man_553,33
id_man_558,33
id_man_570,33
id_man_575,33
id_man_587,33
id_man_589,33
id_man_632,33
id_man_633,33
id_man_634,33
id_man_635,33
id_man_662,33
id_man_668,33
id_man_689,33
id_man_694,33
id_man_699,33
id_man_704,33
id_man_706,33
id_man_713,33
id_man_721,33
id_man_732,33
id_man_735,33
id_man_736,33
id_man_738,33
id_man_754,33
id_man_764,33
id_man_766,33
id_man_783,33
id_man_788,33
id_man_793,33
id_man_797,33
id_man_806,33
id_man_827,33
id_man_838,33
id_man_841,33
id_man_858,33
id_man_873,33
id_man_877,33
id_man_879,33
id_man_880,33
id_man_884,33
id_man_885,33
id_man_908,33
id_man_911,33
id_man_930,33
id_man_933,33
id_man_936,33
id_man_943,33
id_man_960,33
id_man_969,33
id_man_970,33
id_man_976,33
id_man_985,33
id_man_1004,33
id_man_1005,33
id_man_1007,33
id_man_1018,33
id_man_1024,33
id_man_1026,33
id_man_1027,33
id_man_1029,33
id_man_1040,33
id_man_1053,33
id_man_1060,33
id_man_1068,33
id_man_1070,33
id_man_1071,33
id_man_1078,33
id_man_1093,33
id_man_1113,33
id_man_1124,33
id_man_1137,33
id_man_1140,33
id_man_1143,33
id_man_1148,33
id_man_1159,33
id_man_1173,33
id_man_1206,33
id_man_1224,33
id_man_10,34
id_man_14,34
id_man_18,34
id_man_29,34
id_man_30,34
id_man_56,34
id_man_60,34
id_man_62,34
id_man_69,34
id_man_72,34
id_man_75,34
id_man_77,34
id_man_93,34
id_man_99,34
id_man_103,34
id_man_106,34
id_man_114,34
id_man_154,34
id_man_165,34
id_man_177,34
id_man_188,34
id_man_227,34
id_man_286,34
id_man_290,34
id_man_304,34
id_man_315,34
id_man_327,34
id_man_330,34
id_man_352,34
id_man_364,34
id_man_386,34
id_man_395,34
id_man_406,34
id_man_439,34
id_man_450,34
id_man_455,34
id_man_460,34
id_man_506,34
id_man_520,34
id_man_535,34
id_man_544,34
id_man_570,34
id_man_589,34
id_man_597,34
id_man_633,34
id_man_634,34
id_man_636,34
id_man_680,34
id_man_689,34
id_man_694,34
id_man_705,34
id_man_721,34
id_man_729,34
id_man_731,34
id_man_738,34
id_man_751,34
id_man_754,34
id_man_764,34
id_man_787,34
id_man_788,34
id_man_849,34
id_man_858,34
id_man_873,34
id_man_879,34
id_man_880,34
id_man_899,34
id_man_908,34
id_man_918,34
id_man_927,34
id_man_936,34
id_man_944,34
id_man_960,34
id_man_969,34
id_man_985,34
id_man_996,34
id_man_1026,34
id_man_1029,34
id_man_1051,34
id_man_1060,34
id_man_1070,34
id_man_1078,34
id_man_1124,34
id_man_1152,34
id_man_1159,34
id_man_1206,34
id_man_1216,34
id_man_10,35
id_man_11,35
id_man_13,35
id_man_14,35
id_man_21,35
id_man_24,35
id_man_29,35
id_man_32,35
id_man_37,35
id_man_41,35
id_man_44,35
id_man_50,35
id_man_53,35
id_man_57,35
id_man_58,35
id_man_60,35
id_man_62,35
id_man_68,35
id_man_71,35
id_man_83,35
id_man_90,35
id_man_92,35
id_man_94,35
id_man_105,35
id_man_106,35
id_man_108,35
id_man_116,35
id_man_134,35
id_man_144,35
id_man_151,35
id_man_154,35
id_man_164,35
id_man_165,35
id_man_170,35
id_man_173,35
id_man_177,35
id_man_183,35
id_man_192,35
id_man_210,35
id_man_215,35
id_man_218,35
id_man_220,35
id_man_226,35
id_man_227,35
id_man_234,35
id_man_243,35
id_man_249,35
id_man_252,35
id_man_261,35
id_man_266,35
id_man_271,35
id_man_285,35
id_man_290,35
id_man_297,35
id_man_298,35
id_man_304,35
id_man_309,35
id_man_315,35
id_man_318,35
id_man_320,35
id_man_326,35
id_man_333,35
id_man_334,35
id_man_335,35
id_man_341,35
id_man_344,35
id_man_347,35
id_man_355,35
id_man_364,35
id_man_367,35
id_man_374,35
id_man_378,35
id_man_379,35
id_man_395,35
id_man_397,35
id_man_401,35
id_man_402,35
id_man_420,35
id_man_448,35
id_man_450,35
id_man_454,35
id_man_455,35
id_man_457,35
id_man_460,35
id_man_465,35
id_man_472,35
id_man_498,35
id_man_506,35
id_man_518,35
id_man_522,35
id_man_524,35
id_man_535,35
id_man_546,35
id_man_551,35
id_man_553,35
id_man_558,35
id_man_560,35
id_man_563,35
id_man_564,35
id_man_570,35
id_man_572,35
id_man_581,35
id_man_587,35
id_man_588,35
id_man_589,35
id_man_591,35
id_man_632,35
id_man_634,35
id_man_635,35
id_man_646,35
id_man_662,35
id_man_664,35
id_man_668,35
id_man_694,35
id_man_703,35
id_man_704,35
id_man_705,35
id_man_706,35
id_man_713,35
id_man_721,35
id_man_746,35
id_man_751,35
id_man_754,35
id_man_761,35
id_man_764,35
id_man_768,35
id_man_773,35
id_man_774,35
id_man_783,35
id_man_787,35
id_man_788,35
id_man_789,35
id_man_793,35
id_man_797,35
id_man_798,35
id_man_806,35
id_man_807,35
id_man_810,35
id_man_812,35
id_man_814,35
id_man_815,35
id_man_818,35
id_man_831,35
id_man_833,35
id_man_836,35
id_man_838,35
id_man_839,35
id_man_841,35
id_man_844,35
id_man_857,35
id_man_858,35
id_man_863,35
id_man_865,35
id_man_873,35
id_man_877,35
id_man_880,35
id_man_884,35
id_man_885,35
id_man_893,35
id_man_897,35
id_man_899,35
id_man_908,35
id_man_911,35
id_man_918,35
id_man_927,35
id_man_933,35
id_man_936,35
id_man_939,35
id_man_943,35
id_man_944,35
id_man_954,35
id_man_960,35
id_man_969,35
id_man_970,35
id_man_976,35
id_man_984,35
id_man_985,35
id_man_990,35
id_man_997,35
id_man_1004,35
id_man_1005,35
id_man_1007,35
id_man_1013,35
id_man_1016,35
id_man_1022,35
id_man_1024,35
id_man_1026,35
id_man_1027,35
id_man_1029,35
id_man_1044,35
id_man_1053,35
id_man_1064,35
id_man_1067,35
id_man_1068,35
id_man_1085,35
id_man_1088,35
id_man_1093,35
id_man_1110,35
id_man_1113,35
id_man_1119,35
id_man_1124,35
id_man_1140,35
id_man_1143,35
id_man_1148,35
id_man_1156,35
id_man_1159,35
id_man_1166,35
id_man_1173,35
id_man_1185,35
id_man_11,36
id_man_29,36
id_man_45,36
id_man_106,36
id_man_122,36
id_man_150,36
id_man_199,36
id_man_249,36
id_man_250,36
id_man_302,36
id_man_304,36
id_man_315,36
id_man_374,36
id_man_395,36
id_man_397,36
id_man_406,36
id_man_410,36
id_man_413,36
id_man_417,36
id_man_437,36
id_man_486,36
id_man_503,36
id_man_506,36
id_man_520,36
id_man_524,36
id_man_526,36
id_man_531,36
id_man_532,36
id_man_544,36
id_man_588,36
id_man_592,36
id_man_597,36
id_man_705,36
id_man_751,36
id_man_754,36
id_man_761,36
id_man_769,36
id_man_773,36
id_man_798,36
id_man_812,36
id_man_820,36
id_man_837,36
id_man_911,36
id_man_962,36
id_man_996,36
id_man_1010,36
id_man_1022,36
id_man_1051,36
id_man_1062,36
id_man_1070,36
id_man_1082,36
id_man_1087,36
id_man_1089,36
id_man_1093,36
id_man_1127,36
id_man_1152,36
id_man_1159,36
id_man_1166,36
id_man_1216,36
id_man_11,37
id_man_19,37
id_man_36,37
id_man_46,37
id_man_51,37
id_man_71,37
id_man_83,37
id_man_118,37
id_man_134,37
id_man_137,37
id_man_138,37
id_man_150,37
id_man_179,37
id_man_194,37
id_man_213,37
id_man_251,37
id_man_257,37
id_man_261,37
id_man_268,37
id_man_276,37
id_man_287,37
id_man_310,37
id_man_326,37
id_man_339,37
id_man_344,37
id_man_353,37
id_man_380,37
id_man_413,37
id_man_434,37
id_man_437,37
id_man_451,37
id_man_454,37
id_man_468,37
id_man_557,37
id_man_643,37
id_man_656,37
id_man_659,37
id_man_664,37
id_man_699,37
id_man_715,37
id_man_719,37
id_man_730,37
id_man_736,37
id_man_763,37
id_man_772,37
id_man_786,37
id_man_800,37
id_man_803,37
id_man_805,37
id_man_806,37
id_man_814,37
id_man_818,37
id_man_827,37
id_man_833,37
id_man_834,37
id_man_845,37
id_man_860,37
id_man_883,37
id_man_893,37
id_man_996,37
id_man_1015,37
id_man_1019,37
id_man_1028,37
id_man_11,38
id_man_30,38
id_man_248,38
id_man_375,38
id_man_439,38
id_man_465,38
id_man_633,38
id_man_925,38
id_man_11,39
id_man_61,39
id_man_687,39
id_man_710,39
id_man_739,39
id_man_757,39
id_man_925,39
id_man_1154,39
id_man_11,40
id_man_14,40
id_man_24,40
id_man_29,40
id_man_41,40
id_man_59,40
id_man_147,40
id_man_223,40
id_man_250,40
id_man_326,40
id_man_331,40
id_man_639,40
id_man_691,40
id_man_996,40
id_man_1043,40
id_man_13,41
id_man_18,41
id_man_36,41
id_man_37,41
id_man_103,41
id_man_113,41
id_man_150,41
id_man_245,41
id_man_257,41
id_man_271,41
id_man_276,41
id_man_378,41
id_man_438,41
id_man_468,41
id_man_470,41
id_man_504,41
id_man_512,41
id_man_575,41
id_man_656,41
id_man_667,41
id_man_669,41
id_man_685,41
id_man_703,41
id_man_773,41
id_man_793,41
id_man_800,41
id_man_831,41
id_man_840,41
id_man_841,41
id_man_877,41
id_man_889,41
id_man_897,41
id_man_981,41
id_man_1015,41
id_man_1062,41
id_man_1088,41
id_man_1107,41
id_man_1115,41
id_man_13,42
id_man_18,42
id_man_37,42
id_man_150,42
id_man_800,42
id_man_13,43
id_man_19,43
id_man_92,43
id_man_184,43
id_man_186,43
id_man_203,43
id_man_210,43
id_man_309,43
id_man_378,43
id_man_667,43
id_man_793,43
id_man_809,43
id_man_840,43
id_man_841,43
id_man_897,43
id_man_17,44
id_man_29,44
id_man_33,44
id_man_38,44
id_man_42,44
id_man_55,44
id_man_95,44
id_man_101,44
id_man_109,44
id_man_126,44
id_man_133,44
id_man_149,44
id_man_151,44
id_man_155,44
id_man_157,44
id_man_159,44
id_man_164,44
id_man_172,44
id_man_179,44
id_man_194,44
id_man_199,44
id_man_201,44
id_man_207,44
id_man_213,44
id_man_215,44
id_man_231,44
id_man_238,44
id_man_246,44
id_man_262,44
id_man_287,44
id_man_300,44
id_man_316,44
id_man_341,44
id_man_342,44
id_man_361,44
id_man_364,44
id_man_367,44
id_man_392,44
id_man_397,44
id_man_405,44
id_man_409,44
id_man_413,44
id_man_427,44
id_man_437,44
id_man_451,44
id_man_453,44
id_man_465,44
id_man_490,44
id_man_493,44
id_man_503,44
id_man_505,44
id_man_579,44
id_man_581,44
id_man_583,44
id_man_595,44
id_man_597,44
id_man_598,44
id_man_600,44
id_man_626,44
id_man_651,44
id_man_662,44
id_man_665,44
id_man_666,44
id_man_676,44
id_man_693,44
id_man_707,44
id_man_716,44
id_man_720,44
id_man_723,44
id_man_726,44
id_man_727,44
id_man_728,44
id_man_735,44
id_man_736,44
id_man_745,44
id_man_746,44
id_man_750,44
id_man_752,44
id_man_771,44
id_man_774,44
id_man_803,44
id_man_806,44
id_man_819,44
id_man_825,44
id_man_827,44
id_man_834,44
id_man_844,44
id_man_868,44
id_man_877,44
id_man_900,44
id_man_911,44
id_man_927,44
id_man_948,44
id_man_994,44
id_man_1005,44
id_man_1006,44
id_man_1013,44
id_man_1019,44
id_man_1027,44
id_man_1041,44
id_man_1044,44
id_man_1046,44
id_man_1053,44
id_man_1056,44
id_man_1081,44
id_man_1084,44
id_man_1086,44
id_man_1099,44
id_man_1100,44
id_man_1117,44
id_man_1120,44
id_man_1123,44
id_man_1127,44
id_man_1137,44
id_man_1151,44
id_man_1155,44
id_man_1190,44
id_man_17,45
id_man_33,45
id_man_38,45
id_man_39,45
id_man_51,45
id_man_74,45
id_man_101,45
id_man_116,45
id_man_117,45
id_man_119,45
id_man_123,45
id_man_128,45
id_man_132,45
id_man_142,45
id_man_146,45
id_man_154,45
id_man_162,45
id_man_174,45
id_man_179,45
id_man_185,45
id_man_190,45
id_man_193,45
id_man_194,45
id_man_195,45
id_man_205,45
id_man_211,45
id_man_214,45
id_man_228,45
id_man_243,45
id_man_248,45
id_man_260,45
id_man_279,45
id_man_283,45
id_man_317,45
id_man_318,45
id_man_321,45
id_man_323,45
id_man_324,45
id_man_330,45
id_man_337,45
id_man_339,45
id_man_343,45
id_man_345,45
id_man_348,45
id_man_355,45
id_man_362,45
id_man_375,45
id_man_376,45
id_man_383,45
id_man_393,45
id_man_414,45
id_man_421,45
id_man_434,45
id_man_436,45
id_man_440,45
id_man_448,45
id_man_456,45
id_man_462,45
id_man_471,45
id_man_472,45
id_man_478,45
id_man_479,45
id_man_480,45
id_man_487,45
id_man_490,45
id_man_491,45
id_man_493,45
id_man_510,45
id_man_511,45
id_man_519,45
id_man_525,45
id_man_532,45
id_man_538,45
id_man_539,45
id_man_542,45
id_man_546,45
id_man_551,45
id_man_554,45
id_man_565,45
id_man_567,45
id_man_568,45
id_man_580,45
id_man_585,45
id_man_586,45
id_man_642,45
id_man_668,45
id_man_712,45
id_man_713,45
id_man_736,45
id_man_743,45
id_man_746,45
id_man_747,45
id_man_765,45
id_man_770,45
id_man_796,45
id_man_799,45
id_man_804,45
id_man_806,45
id_man_808,45
id_man_827,45
id_man_855,45
id_man_857,45
id_man_859,45
id_man_862,45
id_man_874,45
id_man_879,45
id_man_884,45
id_man_892,45
id_man_894,45
id_man_917,45
id_man_918,45
id_man_920,45
id_man_921,45
id_man_926,45
id_man_931,45
id_man_937,45
id_man_942,45
id_man_943,45
id_man_952,45
id_man_962,45
id_man_982,45
id_man_987,45
id_man_989,45
id_man_1004,45
id_man_1014,45
id_man_1031,45
id_man_1034,45
id_man_1035,45
id_man_1039,45
id_man_1052,45
id_man_1053,45
id_man_1060,45
id_man_1075,45
id_man_1079,45
id_man_1081,45
id_man_1082,45
id_man_1095,45
id_man_1096,45
id_man_1100,45
id_man_1101,45
id_man_1108,45
id_man_1113,45
id_man_1121,45
id_man_1123,45
id_man_1125,45
id_man_1132,45
id_man_1140,45
id_man_1145,45
id_man_1146,45
id_man_1148,45
id_man_1149,45
id_man_1152,45
id_man_1163,45
id_man_1170,45
id_man_1171,45
id_man_1175,45
id_man_1181,45
id_man_1185,45
id_man_1224,45
id_man_20,46
id_man_32,46
id_man_39,46
id_man_40,46
id_man_43,46
id_man_44,46
id_man_51,46
id_man_57,46
id_man_73,46
id_man_80,46
id_man_83,46
id_man_90,46
id_man_92,46
id_man_103,46
id_man_105,46
id_man_112,46
id_man_116,46
id_man_117,46
id_man_119,46
id_man_123,46
id_man_128,46
id_man_137,46
id_man_140,46
id_man_142,46
id_man_145,46
id_man_174,46
id_man_179,46
id_man_182,46
id_man_191,46
id_man_193,46
id_man_205,46
id_man_208,46
id_man_214,46
id_man_234,46
id_man_240,46
id_man_248,46
id_man_260,46
id_man_263,46
id_man_264,46
id_man_265,46
id_man_273,46
id_man_278,46
id_man_279,46
id_man_289,46
id_man_292,46
id_man_297,46
id_man_308,46
id_man_317,46
id_man_328,46
id_man_347,46
id_man_355,46
id_man_361,46
id_man_372,46
id_man_375,46
id_man_376,46
id_man_383,46
id_man_398,46
id_man_428,46
id_man_440,46
id_man_448,46
id_man_456,46
id_man_462,46
id_man_471,46
id_man_479,46
id_man_480,46
id_man_482,46
id_man_516,46
id_man_532,46
id_man_536,46
id_man_545,46
id_man_546,46
id_man_554,46
id_man_564,46
id_man_565,46
id_man_569,46
id_man_576,46
id_man_585,46
id_man_586,46
id_man_655,46
id_man_658,46
id_man_668,46
id_man_671,46
id_man_672,46
id_man_712,46
id_man_725,46
id_man_734,46
id_man_736,46
id_man_743,46
id_man_747,46
id_man_748,46
id_man_752,46
id_man_755,46
id_man_764,46
id_man_772,46
id_man_776,46
id_man_782,46
id_man_795,46
id_man_796,46
id_man_799,46
id_man_810,46
id_man_821,46
id_man_824,46
id_man_830,46
id_man_836,46
id_man_839,46
id_man_842,46
id_man_847,46
id_man_855,46
id_man_860,46
id_man_861,46
id_man_862,46
id_man_864,46
id_man_865,46
id_man_869,46
id_man_874,46
id_man_875,46
id_man_878,46
id_man_881,46
id_man_884,46
id_man_886,46
id_man_887,46
id_man_914,46
id_man_920,46
id_man_930,46
id_man_943,46
id_man_947,46
id_man_962,46
id_man_972,46
id_man_973,46
id_man_975,46
id_man_991,46
id_man_1004,46
id_man_1031,46
id_man_1052,46
id_man_1083,46
id_man_1095,46
id_man_1103,46
id_man_1121,46
id_man_1132,46
id_man_1149,46
id_man_1161,46
id_man_1189,46
id_man_20,47
id_man_234,47
id_man_983,47
id_man_21,48
id_man_63,48
id_man_81,48
id_man_156,48
id_man_272,48
id_man_714,48
id_man_756,48
id_man_778,48
id_man_888,48
id_man_21,49
id_man_33,49
id_man_91,49
id_man_103,49
id_man_113,49
id_man_171,49
id_man_199,49
id_man_207,49
id_man_250,49
id_man_273,49
id_man_286,49
id_man_290,49
id_man_328,49
id_man_330,49
id_man_333,49
id_man_334,49
id_man_362,49
id_man_363,49
id_man_408,49
id_man_461,49
id_man_506,49
id_man_518,49
id_man_671,49
id_man_721,49
id_man_738,49
id_man_739,49
id_man_746,49
id_man_754,49
id_man_757,49
id_man_770,49
id_man_778,49
id_man_787,49
id_man_790,49
id_man_879,49
id_man_888,49
id_man_985,49
id_man_986,49
id_man_996,49
id_man_1024,49
id_man_1029,49
id_man_1068,49
id_man_1088,49
id_man_1093,49
id_man_1107,49
id_man_1122,49
id_man_1125,49
id_man_1127,49
id_man_1159,49
id_man_1173,49
id_man_1189,49
id_man_21,50
id_man_147,50
id_man_242,50
id_man_363,50
id_man_386,50
id_man_408,50
id_man_449,50
id_man_632,50
id_man_807,50
id_man_903,50
id_man_1037,50
id_man_1068,50
id_man_22,51
id_man_22,52
id_man_97,52
id_man_708,52
id_man_22,53
id_man_53,53
id_man_91,53
id_man_220,53
id_man_285,53
id_man_663,53
id_man_674,53
id_man_688,53
id_man_690,53
id_man_837,53
id_man_22,54
id_man_69,54
id_man_106,54
id_man_374,54
id_man_812,54
id_man_1078,54
id_man_1089,54
id_man_23,55
id_man_52,55
id_man_71,55
id_man_134,55
id_man_139,55
id_man_218,55
id_man_261,55
id_man_344,55
id_man_641,55
id_man_664,55
id_man_677,55
id_man_733,55
id_man_818,55
id_man_833,55
id_man_893,55
id_man_964,55
id_man_23,56
id_man_52,56
id_man_95,56
id_man_133,56
id_man_155,56
id_man_629,56
id_man_641,56
id_man_653,56
id_man_677,56
id_man_683,56
id_man_23,57
id_man_52,57
id_man_629,57
id_man_641,57
id_man_653,57
id_man_23,58
id_man_52,58
id_man_461,58
id_man_519,58
id_man_547,58
id_man_573,58
id_man_604,58
id_man_641,58
id_man_677,58
id_man_691,58
id_man_850,58
id_man_931,58
id_man_1170,58
id_man_23,59
id_man_134,59
id_man_139,59
id_man_786,59
id_man_23,60
id_man_683,60
id_man_786,60
id_man_997,60
id_man_24,61
id_man_47,61
id_man_92,61
id_man_98,61
id_man_124,61
id_man_157,61
id_man_170,61
id_man_213,61
id_man_242,61
id_man_355,61
id_man_378,61
id_man_396,61
id_man_761,61
id_man_803,61
id_man_814,61
id_man_815,61
id_man_843,61
id_man_884,61
id_man_1143,61
id_man_1150,61
id_man_1191,61
id_man_28,62
id_man_33,62
id_man_44,62
id_man_74,62
id_man_83,62
id_man_90,62
id_man_101,62
id_man_116,62
id_man_143,62
id_man_152,62
id_man_178,62
id_man_191,62
id_man_248,62
id_man_265,62
id_man_289,62
id_man_317,62
id_man_376,62
id_man_469,62
id_man_539,62
id_man_550,62
id_man_668,62
id_man_718,62
id_man_772,62
id_man_860,62
id_man_886,62
id_man_942,62
id_man_982,62
id_man_991,62
id_man_1048,62
id_man_1109,62
id_man_28,63
id_man_39,63
id_man_65,63
id_man_80,63
id_man_119,63
id_man_180,63
id_man_263,63
id_man_289,63
id_man_292,63
id_man_338,63
id_man_629,63
id_man_653,63
id_man_672,63
id_man_718,63
id_man_789,63
id_man_881,63
id_man_886,63
id_man_954,63
id_man_29,64
id_man_53,64
id_man_56,64
id_man_69,64
id_man_79,64
id_man_92,64
id_man_99,64
id_man_108,64
id_man_109,64
id_man_175,64
id_man_286,64
id_man_320,64
id_man_392,64
id_man_401,64
id_man_406,64
id_man_413,64
id_man_423,64
id_man_427,64
id_man_439,64
id_man_460,64
id_man_472,64
id_man_488,64
id_man_493,64
id_man_498,64
id_man_503,64
id_man_510,64
id_man_520,64
id_man_534,64
id_man_544,64
id_man_546,64
id_man_553,64
id_man_587,64
id_man_589,64
id_man_636,64
id_man_651,64
id_man_763,64
id_man_819,64
id_man_831,64
id_man_832,64
id_man_837,64
id_man_848,64
id_man_863,64
id_man_868,64
id_man_985,64
id_man_1006,64
id_man_1011,64
id_man_1013,64
id_man_1026,64
id_man_1028,64
id_man_1043,64
id_man_1051,64
id_man_1089,64
id_man_1093,64
id_man_1117,64
id_man_1124,64
id_man_1167,64
id_man_1216,64
id_man_1224,64
id_man_29,65
id_man_30,66
id_man_72,66
id_man_106,66
id_man_227,66
id_man_285,66
id_man_315,66
id_man_397,66
id_man_439,66
id_man_633,66
id_man_726,66
id_man_751,66
id_man_788,66
id_man_873,66
id_man_911,66
id_man_936,66
id_man_960,66
id_man_1093,66
id_man_31,67
id_man_121,67
id_man_32,68
id_man_260,68
id_man_283,68
id_man_821,68
id_man_824,68
id_man_864,68
id_man_874,68
id_man_32,69
id_man_34,69
id_man_36,69
id_man_38,69
id_man_39,69
id_man_40,69
id_man_65,69
id_man_78,69
id_man_80,69
id_man_105,69
id_man_108,69
id_man_116,69
id_man_119,69
id_man_129,69
id_man_146,69
id_man_159,69
id_man_172,69
id_man_174,69
id_man_178,69
id_man_180,69
id_man_189,69
id_man_195,69
id_man_205,69
id_man_214,69
id_man_218,69
id_man_257,69
id_man_263,69
id_man_264,69
id_man_273,69
id_man_276,69
id_man_281,69
id_man_292,69
id_man_308,69
id_man_338,69
id_man_348,69
id_man_358,69
id_man_372,69
id_man_376,69
id_man_399,69
id_man_437,69
id_man_452,69
id_man_454,69
id_man_468,69
id_man_482,69
id_man_487,69
id_man_491,69
id_man_492,69
id_man_511,69
id_man_522,69
id_man_532,69
id_man_556,69
id_man_563,69
id_man_569,69
id_man_573,69
id_man_574,69
id_man_580,69
id_man_584,69
id_man_591,69
id_man_592,69
id_man_595,69
id_man_598,69
id_man_604,69
id_man_629,69
id_man_635,69
id_man_642,69
id_man_648,69
id_man_653,69
id_man_655,69
id_man_656,69
id_man_658,69
id_man_665,69
id_man_668,69
id_man_671,69
id_man_672,69
id_man_676,69
id_man_704,69
id_man_720,69
id_man_725,69
id_man_727,69
id_man_728,69
id_man_743,69
id_man_748,69
id_man_758,69
id_man_776,69
id_man_794,69
id_man_823,69
id_man_830,69
id_man_867,69
id_man_881,69
id_man_890,69
id_man_894,69
id_man_930,69
id_man_935,69
id_man_939,69
id_man_941,69
id_man_950,69
id_man_954,69
id_man_962,69
id_man_982,69
id_man_989,69
id_man_999,69
id_man_1015,69
id_man_1031,69
id_man_1046,69
id_man_1047,69
id_man_1048,69
id_man_1072,69
id_man_1080,69
id_man_1083,69
id_man_1103,69
id_man_1161,69
id_man_1164,69
id_man_1171,69
id_man_1175,69
id_man_1221,69
id_man_32,70
id_man_33,71
id_man_128,71
id_man_162,71
id_man_323,71
id_man_462,71
id_man_510,71
id_man_538,71
id_man_546,71
id_man_796,71
id_man_857,71
id_man_989,71
id_man_1035,71
id_man_1146,71
id_man_1149,71
id_man_33,72
id_man_34,73
id_man_35,73
id_man_43,73
id_man_47,73
id_man_79,73
id_man_98,73
id_man_105,73
id_man_132,73
id_man_167,73
id_man_190,73
id_man_192,73
id_man_196,73
id_man_226,73
id_man_247,73
id_man_339,73
id_man_343,73
id_man_434,73
id_man_498,73
id_man_561,73
id_man_691,73
id_man_735,73
id_man_740,73
id_man_752,73
id_man_767,73
id_man_804,73
id_man_814,73
id_man_834,73
id_man_838,73
id_man_885,73
id_man_933,73
id_man_1044,73
id_man_1049,73
id_man_1054,73
id_man_1067,73
id_man_1071,73
id_man_1085,73
id_man_1112,73
id_man_1122,73
id_man_1134,73
id_man_1179,73
id_man_34,74
id_man_72,74
id_man_77,74
id_man_132,74
id_man_190,74
id_man_192,74
id_man_217,74
id_man_222,74
id_man_308,74
id_man_319,74
id_man_371,74
id_man_423,74
id_man_526,74
id_man_572,74
id_man_574,74
id_man_576,74
id_man_580,74
id_man_601,74
id_man_721,74
id_man_739,74
id_man_746,74
id_man_754,74
id_man_757,74
id_man_801,74
id_man_842,74
id_man_861,74
id_man_899,74
id_man_915,74
id_man_947,74
id_man_972,74
id_man_990,74
id_man_1018,74
id_man_1040,74
id_man_1110,74
id_man_1175,74
id_man_1178,74
id_man_36,75
id_man_257,75
id_man_276,75
id_man_398,75
id_man_456,75
id_man_566,75
id_man_595,75
id_man_656,75
id_man_658,75
id_man_747,75
id_man_799,75
id_man_36,76
id_man_127,76
id_man_184,76
id_man_186,76
id_man_257,76
id_man_276,76
id_man_656,76
id_man_766,76
id_man_36,77
id_man_42,77
id_man_58,77
id_man_144,77
id_man_257,77
id_man_268,77
id_man_276,77
id_man_298,77
id_man_370,77
id_man_379,77
id_man_406,77
id_man_656,77
id_man_658,77
id_man_671,77
id_man_706,77
id_man_797,77
id_man_1130,77
id_man_1133,77
id_man_38,78
id_man_55,78
id_man_71,78
id_man_86,78
id_man_95,78
id_man_102,78
id_man_107,78
id_man_133,78
id_man_134,78
id_man_139,78
id_man_155,78
id_man_159,78
id_man_173,78
id_man_179,78
id_man_194,78
id_man_207,78
id_man_213,78
id_man_215,78
id_man_231,78
id_man_243,78
id_man_261,78
id_man_262,78
id_man_286,78
id_man_287,78
id_man_308,78
id_man_324,78
id_man_341,78
id_man_342,78
id_man_344,78
id_man_346,78
id_man_358,78
id_man_364,78
id_man_367,78
id_man_392,78
id_man_405,78
id_man_409,78
id_man_413,78
id_man_415,78
id_man_427,78
id_man_437,78
id_man_441,78
id_man_442,78
id_man_444,78
id_man_453,78
id_man_454,78
id_man_455,78
id_man_457,78
id_man_465,78
id_man_482,78
id_man_503,78
id_man_505,78
id_man_519,78
id_man_522,78
id_man_551,78
id_man_556,78
id_man_580,78
id_man_583,78
id_man_591,78
id_man_592,78
id_man_595,78
id_man_598,78
id_man_601,78
id_man_626,78
id_man_642,78
id_man_647,78
id_man_662,78
id_man_664,78
id_man_666,78
id_man_676,78
id_man_683,78
id_man_693,78
id_man_702,78
id_man_713,78
id_man_716,78
id_man_723,78
id_man_730,78
id_man_736,78
id_man_741,78
id_man_746,78
id_man_769,78
id_man_771,78
id_man_774,78
id_man_777,78
id_man_786,78
id_man_794,78
id_man_803,78
id_man_817,78
id_man_818,78
id_man_825,78
id_man_827,78
id_man_828,78
id_man_833,78
id_man_844,78
id_man_851,78
id_man_874,78
id_man_877,78
id_man_927,78
id_man_948,78
id_man_955,78
id_man_967,78
id_man_984,78
id_man_997,78
id_man_1005,78
id_man_1017,78
id_man_1019,78
id_man_1027,78
id_man_1041,78
id_man_1047,78
id_man_1055,78
id_man_1056,78
id_man_1082,78
id_man_1084,78
id_man_1097,78
id_man_1113,78
id_man_1114,78
id_man_1117,78
id_man_1120,78
id_man_1140,78
id_man_1148,78
id_man_1163,78
id_man_1170,78
id_man_1191,78
id_man_38,79
id_man_55,79
id_man_107,79
id_man_179,79
id_man_194,79
id_man_213,79
id_man_231,79
id_man_243,79
id_man_324,79
id_man_346,79
id_man_392,79
id_man_409,79
id_man_415,79
id_man_441,79
id_man_451,79
id_man_453,79
id_man_454,79
id_man_457,79
id_man_465,79
id_man_472,79
id_man_583,79
id_man_591,79
id_man_595,79
id_man_601,79
id_man_626,79
id_man_642,79
id_man_647,79
id_man_662,79
id_man_693,79
id_man_713,79
id_man_716,79
id_man_723,79
id_man_736,79
id_man_771,79
id_man_774,79
id_man_786,79
id_man_803,79
id_man_827,79
id_man_955,79
id_man_984,79
id_man_1006,79
id_man_1019,79
id_man_1027,79
id_man_1041,79
id_man_1056,79
id_man_1084,79
id_man_1113,79
id_man_1114,79
id_man_1117,79
id_man_1120,79
id_man_1148,79
id_man_1163,79
id_man_1191,79
id_man_39,80
id_man_65,80
id_man_110,80
id_man_119,80
id_man_131,80
id_man_174,80
id_man_200,80
id_man_204,80
id_man_218,80
id_man_236,80
id_man_240,80
id_man_241,80
id_man_262,80
id_man_278,80
id_man_305,80
id_man_336,80
id_man_338,80
id_man_373,80
id_man_382,80
id_man_390,80
id_man_422,80
id_man_428,80
id_man_471,80
id_man_485,80
id_man_502,80
id_man_523,80
id_man_548,80
id_man_552,80
id_man_566,80
id_man_569,80
id_man_590,80
id_man_593,80
id_man_629,80
id_man_630,80
id_man_631,80
id_man_653,80
id_man_660,80
id_man_695,80
id_man_696,80
id_man_748,80
id_man_779,80
id_man_822,80
id_man_852,80
id_man_876,80
id_man_878,80
id_man_881,80
id_man_898,80
id_man_905,80
id_man_924,80
id_man_938,80
id_man_954,80
id_man_964,80
id_man_988,80
id_man_991,80
id_man_1002,80
id_man_1003,80
id_man_1072,80
id_man_1080,80
id_man_1128,80
id_man_1136,80
id_man_1147,80
id_man_1160,80
id_man_1182,80
id_man_1184,80
id_man_1196,80
id_man_39,81
id_man_42,81
id_man_44,81
id_man_61,81
id_man_92,81
id_man_95,81
id_man_112,81
id_man_118,81
id_man_119,81
id_man_131,81
id_man_133,81
id_man_155,81
id_man_159,81
id_man_167,81
id_man_208,81
id_man_234,81
id_man_236,81
id_man_240,81
id_man_266,81
id_man_278,81
id_man_293,81
id_man_296,81
id_man_297,81
id_man_342,81
id_man_347,81
id_man_365,81
id_man_368,81
id_man_376,81
id_man_407,81
id_man_409,81
id_man_422,81
id_man_423,81
id_man_428,81
id_man_440,81
id_man_457,81
id_man_461,81
id_man_466,81
id_man_468,81
id_man_469,81
id_man_471,81
id_man_478,81
id_man_491,81
id_man_492,81
id_man_502,81
id_man_505,81
id_man_516,81
id_man_517,81
id_man_519,81
id_man_523,81
id_man_529,81
id_man_539,81
id_man_546,81
id_man_548,81
id_man_549,81
id_man_550,81
id_man_552,81
id_man_554,81
id_man_562,81
id_man_563,81
id_man_564,81
id_man_566,81
id_man_568,81
id_man_569,81
id_man_573,81
id_man_584,81
id_man_592,81
id_man_593,81
id_man_595,81
id_man_598,81
id_man_604,81
id_man_631,81
id_man_660,81
id_man_666,81
id_man_669,81
id_man_683,81
id_man_695,81
id_man_718,81
id_man_725,81
id_man_733,81
id_man_740,81
id_man_755,81
id_man_767,81
id_man_771,81
id_man_774,81
id_man_777,81
id_man_782,81
id_man_794,81
id_man_795,81
id_man_808,81
id_man_817,81
id_man_825,81
id_man_829,81
id_man_839,81
id_man_852,81
id_man_865,81
id_man_924,81
id_man_938,81
id_man_939,81
id_man_948,81
id_man_950,81
id_man_964,81
id_man_986,81
id_man_1003,81
id_man_1015,81
id_man_1019,81
id_man_1034,81
id_man_1048,81
id_man_1058,81
id_man_1072,81
id_man_1080,81
id_man_1084,81
id_man_1109,81
id_man_1111,81
id_man_1120,81
id_man_1121,81
id_man_1139,81
id_man_1147,81
id_man_1161,81
id_man_1170,81
id_man_1182,81
id_man_1184,81
id_man_1192,81
id_man_1199,81
id_man_1221,81
id_man_39,82
id_man_42,82
id_man_44,82
id_man_61,82
id_man_92,82
id_man_95,82
id_man_112,82
id_man_118,82
id_man_119,82
id_man_131,82
id_man_133,82
id_man_155,82
id_man_159,82
id_man_167,82
id_man_191,82
id_man_206,82
id_man_234,82
id_man_236,82
id_man_240,82
id_man_241,82
id_man_266,82
id_man_278,82
id_man_281,82
id_man_289,82
id_man_293,82
id_man_296,82
id_man_297,82
id_man_338,82
id_man_342,82
id_man_347,82
id_man_368,82
id_man_376,82
id_man_398,82
id_man_407,82
id_man_409,82
id_man_422,82
id_man_428,82
id_man_435,82
id_man_440,82
id_man_456,82
id_man_457,82
id_man_466,82
id_man_468,82
id_man_469,82
id_man_471,82
id_man_478,82
id_man_491,82
id_man_492,82
id_man_502,82
id_man_516,82
id_man_517,82
id_man_519,82
id_man_523,82
id_man_529,82
id_man_539,82
id_man_546,82
id_man_548,82
id_man_549,82
id_man_550,82
id_man_552,82
id_man_554,82
id_man_562,82
id_man_563,82
id_man_564,82
id_man_566,82
id_man_568,82
id_man_569,82
id_man_573,82
id_man_584,82
id_man_593,82
id_man_594,82
id_man_595,82
id_man_598,82
id_man_604,82
id_man_631,82
id_man_635,82
id_man_660,82
id_man_666,82
id_man_669,82
id_man_683,82
id_man_695,82
id_man_704,82
id_man_717,82
id_man_718,82
id_man_725,82
id_man_733,82
id_man_740,82
id_man_747,82
id_man_755,82
id_man_767,82
id_man_771,82
id_man_774,82
id_man_776,82
id_man_777,82
id_man_794,82
id_man_795,82
id_man_799,82
id_man_808,82
id_man_817,82
id_man_825,82
id_man_829,82
id_man_830,82
id_man_836,82
id_man_839,82
id_man_852,82
id_man_865,82
id_man_875,82
id_man_881,82
id_man_886,82
id_man_924,82
id_man_938,82
id_man_939,82
id_man_950,82
id_man_964,82
id_man_1003,82
id_man_1015,82
id_man_1019,82
id_man_1034,82
id_man_1041,82
id_man_1048,82
id_man_1056,82
id_man_1058,82
id_man_1065,82
id_man_1072,82
id_man_1080,82
id_man_1084,82
id_man_1109,82
id_man_1111,82
id_man_1120,82
id_man_1121,82
id_man_1139,82
id_man_1147,82
id_man_1158,82
id_man_1161,82
id_man_1164,82
id_man_1170,82
id_man_1176,82
id_man_1182,82
id_man_1184,82
id_man_1199,82
id_man_1221,82
id_man_40,83
id_man_80,83
id_man_123,83
id_man_140,83
id_man_143,83
id_man_145,83
id_man_152,83
id_man_180,83
id_man_260,83
id_man_263,83
id_man_264,83
id_man_265,83
id_man_292,83
id_man_297,83
id_man_299,83
id_man_340,83
id_man_347,83
id_man_370,83
id_man_372,83
id_man_448,83
id_man_457,83
id_man_462,83
id_man_516,83
id_man_539,83
id_man_672,83
id_man_712,83
id_man_748,83
id_man_772,83
id_man_860,83
id_man_865,83
id_man_975,83
id_man_992,83
id_man_1020,83
id_man_1059,83
id_man_1149,83
id_man_42,84
id_man_98,84
id_man_185,84
id_man_211,84
id_man_228,84
id_man_345,84
id_man_414,84
id_man_917,84
id_man_42,85
id_man_50,85
id_man_68,85
id_man_71,85
id_man_97,85
id_man_107,85
id_man_134,85
id_man_139,85
id_man_172,85
id_man_207,85
id_man_219,85
id_man_231,85
id_man_245,85
id_man_261,85
id_man_295,85
id_man_344,85
id_man_417,85
id_man_658,85
id_man_664,85
id_man_694,85
id_man_702,85
id_man_715,85
id_man_716,85
id_man_741,85
id_man_803,85
id_man_818,85
id_man_833,85
id_man_893,85
id_man_949,85
id_man_1040,85
id_man_42,86
id_man_123,86
id_man_143,86
id_man_152,86
id_man_710,86
id_man_712,86
id_man_42,87
id_man_55,87
id_man_842,87
id_man_861,87
id_man_947,87
id_man_43,88
id_man_81,88
id_man_156,88
id_man_272,88
id_man_661,88
id_man_669,88
id_man_715,88
id_man_756,88
id_man_1023,88
id_man_1068,88
id_man_1157,88
id_man_1192,88
id_man_44,89
id_man_143,89
id_man_152,89
id_man_299,89
id_man_340,89
id_man_398,89
id_man_428,89
id_man_469,89
id_man_471,89
id_man_482,89
id_man_516,89
id_man_559,89
id_man_564,89
id_man_594,89
id_man_875,89
id_man_913,89
id_man_922,89
id_man_923,89
id_man_977,89
id_man_992,89
id_man_1020,89
id_man_1059,89
id_man_1083,89
id_man_1105,89
id_man_1158,89
id_man_45,90
id_man_69,90
id_man_106,90
id_man_122,90
id_man_144,90
id_man_151,90
id_man_227,90
id_man_249,90
id_man_298,90
id_man_304,90
id_man_315,90
id_man_450,90
id_man_506,90
id_man_520,90
id_man_524,90
id_man_535,90
id_man_544,90
id_man_570,90
id_man_592,90
id_man_597,90
id_man_706,90
id_man_751,90
id_man_761,90
id_man_787,90
id_man_797,90
id_man_798,90
id_man_838,90
id_man_943,90
id_man_969,90
id_man_985,90
id_man_1004,90
id_man_1013,90
id_man_1051,90
id_man_1064,90
id_man_1070,90
id_man_1124,90
id_man_1216,90
id_man_46,91
id_man_48,91
id_man_53,91
id_man_96,91
id_man_125,91
id_man_169,91
id_man_216,91
id_man_220,91
id_man_267,91
id_man_274,91
id_man_275,91
id_man_281,91
id_man_288,91
id_man_339,91
id_man_369,91
id_man_434,91
id_man_635,91
id_man_704,91
id_man_759,91
id_man_802,91
id_man_807,91
id_man_871,91
id_man_902,91
id_man_930,91
id_man_1006,91
id_man_46,92
id_man_46,93
id_man_103,93
id_man_132,93
id_man_174,93
id_man_190,93
id_man_192,93
id_man_217,93
id_man_226,93
id_man_271,93
id_man_293,93
id_man_420,93
id_man_662,93
id_man_685,93
id_man_694,93
id_man_733,93
id_man_773,93
id_man_803,93
id_man_885,93
id_man_933,93
id_man_943,93
id_man_970,93
id_man_972,93
id_man_1004,93
id_man_47,94
id_man_51,94
id_man_58,94
id_man_64,94
id_man_48,95
id_man_58,95
id_man_48,96
id_man_681,96
id_man_903,96
id_man_1037,96
id_man_48,97
id_man_371,97
id_man_681,97
id_man_756,97
id_man_807,97
id_man_903,97
id_man_1023,97
id_man_1037,97
id_man_51,98
id_man_51,99
id_man_63,99
id_man_147,99
id_man_371,99
id_man_644,99
id_man_654,99
id_man_850,99
id_man_853,99
id_man_53,100
id_man_220,100
id_man_53,101
id_man_1079,101
id_man_53,102
id_man_655,102
id_man_55,103
id_man_107,103
id_man_139,103
id_man_159,103
id_man_172,103
id_man_207,103
id_man_215,103
id_man_308,103
id_man_338,103
id_man_342,103
id_man_442,103
id_man_453,103
id_man_454,103
id_man_522,103
id_man_556,103
id_man_583,103
id_man_598,103
id_man_626,103
id_man_666,103
id_man_733,103
id_man_746,103
id_man_844,103
id_man_874,103
id_man_881,103
id_man_1019,103
id_man_1082,103
id_man_1114,103
id_man_1191,103
id_man_55,104
id_man_358,104
id_man_56,105
id_man_99,105
id_man_636,105
id_man_57,106
id_man_318,106
id_man_743,106
id_man_857,106
id_man_918,106
id_man_58,107
id_man_58,108
id_man_154,108
id_man_447,108
id_man_921,108
id_man_59,109
id_man_64,109
id_man_244,109
id_man_251,109
id_man_337,109
id_man_369,109
id_man_370,109
id_man_393,109
id_man_401,109
id_man_443,109
id_man_645,109
id_man_657,109
id_man_892,109
id_man_901,109
id_man_59,110
id_man_401,110
id_man_657,110
id_man_932,110
id_man_59,111
id_man_143,111
id_man_152,111
id_man_244,111
id_man_265,111
id_man_293,111
id_man_337,111
id_man_338,111
id_man_393,111
id_man_401,111
id_man_462,111
id_man_539,111
id_man_645,111
id_man_657,111
id_man_702,111
id_man_741,111
id_man_772,111
id_man_832,111
id_man_860,111
id_man_870,111
id_man_881,111
id_man_892,111
id_man_932,111
id_man_975,111
id_man_1103,111
id_man_1149,111
id_man_61,112
id_man_456,112
id_man_457,112
id_man_747,112
id_man_799,112
id_man_61,113
id_man_62,114
id_man_106,114
id_man_120,114
id_man_285,114
id_man_320,114
id_man_419,114
id_man_439,114
id_man_746,114
id_man_751,114
id_man_788,114
id_man_873,114
id_man_936,114
id_man_960,114
id_man_62,115
id_man_260,115
id_man_63,116
id_man_177,116
id_man_386,116
id_man_495,116
id_man_536,116
id_man_694,116
id_man_711,116
id_man_966,116
id_man_1061,116
id_man_1068,116
id_man_1076,116
id_man_1077,116
id_man_1119,116
id_man_1156,116
id_man_64,117
id_man_419,117
id_man_832,117
id_man_901,117
id_man_64,118
id_man_66,119
id_man_204,119
id_man_305,119
id_man_353,119
id_man_388,119
id_man_425,119
id_man_494,119
id_man_528,119
id_man_557,119
id_man_559,119
id_man_594,119
id_man_652,119
id_man_661,119
id_man_696,119
id_man_811,119
id_man_866,119
id_man_923,119
id_man_993,119
id_man_1000,119
id_man_1130,119
id_man_1133,119
id_man_1172,119
id_man_1188,119
id_man_1189,119
id_man_1192,119
id_man_66,120
id_man_202,120
id_man_268,120
id_man_866,120
id_man_66,121
id_man_832,121
id_man_66,122
id_man_978,122
id_man_69,123
id_man_175,123
id_man_813,123
id_man_69,124
id_man_79,124
id_man_352,124
id_man_750,124
id_man_763,124
id_man_1028,124
id_man_70,125
id_man_670,125
id_man_74,126
id_man_166,126
id_man_739,126
id_man_757,126
id_man_765,126
id_man_74,127
id_man_166,127
id_man_739,127
id_man_757,127
id_man_765,127
id_man_75,128
id_man_78,128
id_man_96,128
id_man_115,128
id_man_126,128
id_man_129,128
id_man_169,128
id_man_274,128
id_man_281,128
id_man_325,128
id_man_349,128
id_man_365,128
id_man_435,128
id_man_635,128
id_man_704,128
id_man_720,128
id_man_727,128
id_man_728,128
id_man_758,128
id_man_802,128
id_man_823,128
id_man_871,128
id_man_890,128
id_man_930,128
id_man_941,128
id_man_75,129
id_man_93,129
id_man_689,129
id_man_869,129
id_man_77,130
id_man_250,130
id_man_360,130
id_man_379,130
id_man_788,130
id_man_858,130
id_man_873,130
id_man_880,130
id_man_960,130
id_man_77,131
id_man_360,131
id_man_77,132
id_man_1040,132
id_man_79,133
id_man_80,134
id_man_180,134
id_man_672,134
id_man_80,135
id_man_118,135
id_man_263,135
id_man_292,135
id_man_672,135
id_man_81,136
id_man_83,137
id_man_180,137
id_man_273,137
id_man_297,137
id_man_347,137
id_man_451,137
id_man_456,137
id_man_492,137
id_man_548,137
id_man_563,137
id_man_573,137
id_man_604,137
id_man_747,137
id_man_799,137
id_man_865,137
id_man_1072,137
id_man_84,138
id_man_103,138
id_man_149,138
id_man_199,138
id_man_206,138
id_man_294,138
id_man_320,138
id_man_355,138
id_man_386,138
id_man_433,138
id_man_436,138
id_man_438,138
id_man_439,138
id_man_447,138
id_man_451,138
id_man_472,138
id_man_506,138
id_man_532,138
id_man_561,138
id_man_579,138
id_man_597,138
id_man_626,138
id_man_675,138
id_man_750,138
id_man_775,138
id_man_848,138
id_man_884,138
id_man_926,138
id_man_941,138
id_man_962,138
id_man_966,138
id_man_1014,138
id_man_1032,138
id_man_1046,138
id_man_1065,138
id_man_1070,138
id_man_1107,138
id_man_1114,138
id_man_1117,138
id_man_1127,138
id_man_1134,138
id_man_1143,138
id_man_1151,138
id_man_1179,138
id_man_1224,138
id_man_86,139
id_man_138,139
id_man_682,139
id_man_86,140
id_man_104,140
id_man_138,140
id_man_140,140
id_man_161,140
id_man_171,140
id_man_380,140
id_man_569,140
id_man_648,140
id_man_682,140
id_man_845,140
id_man_1049,140
id_man_1055,140
id_man_1083,140
id_man_1167,140
id_man_1172,140
id_man_88,141
id_man_719,141
id_man_89,142
id_man_149,142
id_man_252,142
id_man_254,142
id_man_295,142
id_man_330,142
id_man_337,142
id_man_368,142
id_man_391,142
id_man_393,142
id_man_466,142
id_man_525,142
id_man_562,142
id_man_579,142
id_man_600,142
id_man_665,142
id_man_718,142
id_man_732,142
id_man_828,142
id_man_842,142
id_man_861,142
id_man_879,142
id_man_883,142
id_man_892,142
id_man_916,142
id_man_949,142
id_man_961,142
id_man_1024,142
id_man_1058,142
id_man_1063,142
id_man_1085,142
id_man_1092,142
id_man_1097,142
id_man_1108,142
id_man_1111,142
id_man_1151,142
id_man_1152,142
id_man_1181,142
id_man_1199,142
id_man_91,143
id_man_91,144
id_man_249,144
id_man_417,144
id_man_761,144
id_man_769,144
id_man_798,144
id_man_931,144
id_man_91,145
id_man_249,145
id_man_288,145
id_man_798,145
id_man_1026,145
id_man_91,146
id_man_91,147
id_man_94,148
id_man_118,148
id_man_183,148
id_man_753,148
id_man_783,148
id_man_807,148
id_man_100,149
id_man_780,149
id_man_101,150
id_man_109,150
id_man_117,150
id_man_123,150
id_man_128,150
id_man_135,150
id_man_150,150
id_man_153,150
id_man_154,150
id_man_157,150
id_man_193,150
id_man_203,150
id_man_210,150
id_man_216,150
id_man_234,150
id_man_238,150
id_man_246,150
id_man_267,150
id_man_300,150
id_man_316,150
id_man_317,150
id_man_323,150
id_man_355,150
id_man_383,150
id_man_421,150
id_man_431,150
id_man_434,150
id_man_436,150
id_man_451,150
id_man_487,150
id_man_493,150
id_man_511,150
id_man_532,150
id_man_538,150
id_man_546,150
id_man_560,150
id_man_574,150
id_man_586,150
id_man_651,150
id_man_699,150
id_man_701,150
id_man_712,150
id_man_717,150
id_man_723,150
id_man_730,150
id_man_732,150
id_man_735,150
id_man_739,150
id_man_743,150
id_man_757,150
id_man_768,150
id_man_790,150
id_man_793,150
id_man_796,150
id_man_805,150
id_man_806,150
id_man_809,150
id_man_814,150
id_man_819,150
id_man_841,150
id_man_855,150
id_man_859,150
id_man_862,150
id_man_863,150
id_man_868,150
id_man_883,150
id_man_884,150
id_man_894,150
id_man_900,150
id_man_920,150
id_man_943,150
id_man_944,150
id_man_952,150
id_man_962,150
id_man_982,150
id_man_994,150
id_man_1004,150
id_man_1014,150
id_man_1035,150
id_man_1039,150
id_man_1053,150
id_man_1054,150
id_man_1060,150
id_man_1073,150
id_man_1078,150
id_man_1081,150
id_man_1086,150
id_man_1088,150
id_man_1095,150
id_man_1099,150
id_man_1101,150
id_man_1112,150
id_man_1123,150
id_man_1137,150
id_man_1145,150
id_man_1146,150
id_man_1154,150
id_man_1155,150
id_man_1157,150
id_man_1171,150
id_man_1185,150
id_man_1190,150
id_man_1191,150
id_man_101,151
id_man_102,151
id_man_136,151
id_man_140,151
id_man_145,151
id_man_173,151
id_man_191,151
id_man_240,151
id_man_278,151
id_man_383,151
id_man_471,151
id_man_480,151
id_man_492,151
id_man_545,151
id_man_571,151
id_man_594,151
id_man_648,151
id_man_698,151
id_man_772,151
id_man_810,151
id_man_860,151
id_man_878,151
id_man_924,151
id_man_1034,151
id_man_1083,151
id_man_1154,151
id_man_1189,151
id_man_102,152
id_man_120,152
id_man_127,152
id_man_141,152
id_man_175,152
id_man_277,152
id_man_336,152
id_man_362,152
id_man_373,152
id_man_387,152
id_man_541,152
id_man_700,152
id_man_785,152
id_man_813,152
id_man_988,152
id_man_989,152
id_man_1009,152
id_man_1074,152
id_man_103,153
id_man_326,153
id_man_362,153
id_man_752,153
id_man_870,153
id_man_967,153
id_man_984,153
id_man_989,153
id_man_103,154
id_man_103,155
id_man_106,156
id_man_397,156
id_man_911,156
id_man_106,157
id_man_285,157
id_man_395,157
id_man_705,157
id_man_106,158
id_man_106,159
id_man_115,160
id_man_349,160
id_man_435,160
id_man_1176,160
id_man_118,161
id_man_120,162
id_man_127,162
id_man_120,163
id_man_121,164
id_man_322,164
id_man_1002,164
id_man_121,165
id_man_121,166
id_man_141,166
id_man_148,166
id_man_244,166
id_man_938,166
id_man_1009,166
id_man_121,167
id_man_123,168
id_man_688,168
id_man_712,168
id_man_124,169
id_man_136,169
id_man_146,169
id_man_195,169
id_man_252,169
id_man_266,169
id_man_340,169
id_man_492,169
id_man_493,169
id_man_648,169
id_man_698,169
id_man_869,169
id_man_977,169
id_man_1020,169
id_man_1034,169
id_man_1062,169
id_man_1121,169
id_man_1181,169
id_man_124,170
id_man_825,170
id_man_137,171
id_man_146,171
id_man_178,171
id_man_195,171
id_man_361,171
id_man_369,171
id_man_381,171
id_man_398,171
id_man_421,171
id_man_456,171
id_man_477,171
id_man_568,171
id_man_584,171
id_man_808,171
id_man_859,171
id_man_931,171
id_man_968,171
id_man_1025,171
id_man_1047,171
id_man_1083,171
id_man_1101,171
id_man_1112,171
id_man_137,172
id_man_310,172
id_man_328,172
id_man_717,172
id_man_808,172
id_man_934,172
id_man_140,173
id_man_348,173
id_man_140,174
id_man_158,174
id_man_161,174
id_man_189,174
id_man_200,174
id_man_353,174
id_man_358,174
id_man_380,174
id_man_499,174
id_man_528,174
id_man_571,174
id_man_594,174
id_man_596,174
id_man_638,174
id_man_652,174
id_man_661,174
id_man_701,174
id_man_811,174
id_man_822,174
id_man_891,174
id_man_898,174
id_man_905,174
id_man_912,174
id_man_913,174
id_man_940,174
id_man_945,174
id_man_983,174
id_man_1105,174
id_man_1126,174
id_man_1133,174
id_man_1172,174
id_man_1189,174
id_man_141,175
id_man_143,176
id_man_152,176
id_man_340,176
id_man_1020,176
id_man_144,177
id_man_298,177
id_man_706,177
id_man_797,177
id_man_147,178
id_man_785,178
id_man_975,178
id_man_147,179
id_man_148,180
id_man_164,180
id_man_404,180
id_man_805,180
id_man_149,181
id_man_663,181
id_man_690,181
id_man_714,181
id_man_150,182
id_man_207,182
id_man_330,182
id_man_404,182
id_man_413,182
id_man_453,182
id_man_732,182
id_man_739,182
id_man_746,182
id_man_757,182
id_man_761,182
id_man_879,182
id_man_883,182
id_man_944,182
id_man_151,183
id_man_754,183
id_man_151,184
id_man_153,185
id_man_309,185
id_man_667,185
id_man_831,185
id_man_153,186
id_man_156,187
id_man_272,187
id_man_332,187
id_man_711,187
id_man_1038,187
id_man_157,188
id_man_177,188
id_man_495,188
id_man_536,188
id_man_903,188
id_man_1013,188
id_man_1037,188
id_man_1061,188
id_man_1063,188
id_man_1069,188
id_man_162,189
id_man_164,190
id_man_1025,190
id_man_170,191
id_man_632,191
id_man_669,191
id_man_815,191
id_man_1073,191
id_man_1119,191
id_man_1156,191
id_man_170,192
id_man_815,192
id_man_171,193
id_man_362,193
id_man_373,193
id_man_559,193
id_man_661,193
id_man_906,193
id_man_913,193
id_man_923,193
id_man_989,193
id_man_1105,193
id_man_1154,193
id_man_1192,193
id_man_171,194
id_man_171,195
id_man_171,196
id_man_172,197
id_man_702,197
id_man_741,197
id_man_955,197
id_man_997,197
id_man_173,198
id_man_287,198
id_man_444,198
id_man_733,198
id_man_176,199
id_man_176,200
id_man_180,201
id_man_184,202
id_man_210,202
id_man_359,202
id_man_632,202
id_man_753,202
id_man_809,202
id_man_1095,202
id_man_192,203
id_man_226,203
id_man_885,203
id_man_933,203
id_man_197,204
id_man_769,204
id_man_781,204
id_man_198,205
id_man_198,206
id_man_852,206
id_man_1008,206
id_man_199,207
id_man_438,207
id_man_1127,207
id_man_200,208
id_man_822,208
id_man_898,208
id_man_905,208
id_man_204,209
id_man_696,209
id_man_206,210
id_man_311,210
id_man_384,210
id_man_407,210
id_man_430,210
id_man_466,210
id_man_562,210
id_man_801,210
id_man_895,210
id_man_944,210
id_man_961,210
id_man_1046,210
id_man_1058,210
id_man_1065,210
id_man_1141,210
id_man_1178,210
id_man_210,211
id_man_294,211
id_man_359,211
id_man_632,211
id_man_753,211
id_man_766,211
id_man_809,211
id_man_210,212
id_man_216,213
id_man_267,213
id_man_742,213
id_man_999,213
id_man_1012,213
id_man_219,214
id_man_644,214
id_man_654,214
id_man_852,214
id_man_219,215
id_man_322,215
id_man_461,215
id_man_1192,215
id_man_223,216
id_man_331,216
id_man_498,216
id_man_639,216
id_man_223,217
id_man_331,217
id_man_639,217
id_man_645,217
id_man_752,217
id_man_234,218
id_man_281,218
id_man_635,218
id_man_704,218
id_man_847,218
id_man_887,218
id_man_235,219
id_man_249,219
id_man_288,219
id_man_792,219
id_man_798,219
id_man_238,220
id_man_316,220
id_man_491,220
id_man_1097,220
id_man_1099,220
id_man_241,221
id_man_573,221
id_man_604,221
id_man_630,221
id_man_631,221
id_man_1130,221
id_man_1160,221
id_man_241,222
id_man_630,222
id_man_631,222
id_man_852,222
id_man_241,223
id_man_242,224
id_man_242,225
id_man_244,226
id_man_401,226
id_man_832,226
id_man_932,226
id_man_249,227
id_man_798,227
id_man_255,228
id_man_255,229
id_man_742,229
id_man_262,230
id_man_310,230
id_man_571,230
id_man_1164,230
id_man_268,231
id_man_273,232
id_man_658,232
id_man_665,232
id_man_776,232
id_man_830,232
id_man_273,233
id_man_288,234
id_man_640,234
id_man_852,234
id_man_1008,234
id_man_291,235
id_man_313,235
id_man_698,235
id_man_978,235
id_man_993,235
id_man_1091,235
id_man_1168,235
id_man_1188,235
id_man_294,236
id_man_359,236
id_man_753,236
id_man_297,237
id_man_347,237
id_man_865,237
id_man_307,238
id_man_389,238
id_man_309,239
id_man_317,239
id_man_360,239
id_man_739,239
id_man_751,239
id_man_754,239
id_man_757,239
id_man_768,239
id_man_805,239
id_man_314,240
id_man_314,241
id_man_314,242
id_man_314,243
id_man_658,243
id_man_314,244
id_man_322,245
id_man_322,246
id_man_461,246
id_man_322,247
id_man_1002,247
id_man_331,248
id_man_639,248
id_man_333,249
id_man_801,249
id_man_1017,249
id_man_1063,249
id_man_336,250
id_man_337,251
id_man_393,251
id_man_401,251
id_man_892,251
id_man_340,252
id_man_1020,252
id_man_340,253
id_man_991,253
id_man_1020,253
id_man_348,254
id_man_388,254
id_man_425,254
id_man_432,254
id_man_1000,254
id_man_351,255
id_man_394,255
id_man_352,256
id_man_354,257
id_man_1081,257
id_man_366,258
id_man_882,258
id_man_369,259
id_man_760,259
id_man_901,259
id_man_370,260
id_man_373,261
id_man_630,261
id_man_988,261
id_man_376,262
id_man_379,263
id_man_381,264
id_man_540,264
id_man_953,264
id_man_390,265
id_man_397,266
id_man_597,266
id_man_632,266
id_man_781,266
id_man_869,266
id_man_911,266
id_man_1089,266
id_man_401,267
id_man_401,268
id_man_405,269
id_man_427,269
id_man_405,270
id_man_427,270
id_man_406,271
id_man_417,272
id_man_417,273
id_man_640,273
id_man_674,273
id_man_792,273
id_man_422,274
id_man_427,275
id_man_433,276
id_man_1032,276
id_man_439,277
id_man_457,278
id_man_460,279
id_man_486,280
id_man_488,281
id_man_498,282
id_man_498,283
id_man_500,284
id_man_524,285
id_man_534,286
id_man_547,287
id_man_644,287
id_man_568,288
id_man_597,288
id_man_808,288
id_man_1089,288
id_man_573,289
id_man_604,289
id_man_597,290
id_man_1152,290
id_man_630,291
id_man_1002,291
id_man_630,292
id_man_630,293
id_man_631,294
id_man_643,295
id_man_659,295
id_man_643,296
id_man_659,296
id_man_646,297
id_man_658,298
id_man_710,298
id_man_658,299
id_man_658,300
id_man_659,301
id_man_682,302
id_man_688,303
id_man_688,304
id_man_693,305
id_man_776,305
id_man_830,305
id_man_693,306
id_man_730,306
id_man_881,306
id_man_694,307
id_man_699,308
id_man_1053,308
id_man_699,309
id_man_701,310
id_man_714,311
id_man_714,312
id_man_718,313
id_man_839,313
id_man_718,314
id_man_959,314
id_man_720,315
id_man_727,315
id_man_728,315
id_man_941,315
id_man_723,316
id_man_726,317
id_man_747,318
id_man_799,318
id_man_821,318
id_man_824,318
id_man_864,318
id_man_760,319
id_man_760,320
id_man_760,321
id_man_760,322
id_man_763,323
id_man_832,323
id_man_1028,323
id_man_763,324
id_man_1028,324
id_man_769,325
id_man_774,326
id_man_781,327
id_man_781,328
id_man_781,329
id_man_781,330
id_man_781,331
id_man_781,332
id_man_781,333
id_man_781,334
id_man_789,335
id_man_812,336
id_man_813,337
id_man_988,337
id_man_820,338
id_man_825,339
id_man_826,340
id_man_848,341
id_man_850,342
id_man_853,342
id_man_850,343
id_man_853,343
id_man_850,344
id_man_853,344
id_man_850,345
id_man_853,345
id_man_850,346
id_man_863,347
id_man_1088,347
id_man_878,348
id_man_902,349
id_man_914,350
id_man_914,351
id_man_955,352
id_man_966,353
id_man_967,354
id_man_975,355
id_man_1002,356
id_man_1002,357
id_man_1026,358
id_man_1040,359
id_man_1041,360
id_man_1056,360
id_man_1043,361
id_man_1044,362
id_man_1081,363
id_man_1089,364
id_man_1089,365
